1,3,Medium ,9,73,65,900
2,7,Medium ,11,106,50,1100
3,11,Small,5,74,24,250
4,19,Large ,25,201,110,6250
5,21,Small,5,73,25,250
6,29,Medium ,9,69,64,900
7,35,Small,4,61,37,200
8,40,Large ,24,127,99,6000
9,41,Large ,26,177,72,6500
10,50,Small,5,65,26,250
11,53,Large ,24,135,83,6000
12,58,Medium ,9,69,77,900
13,63,Small,4,65,28,200
14,70,Large ,25,141,87,6250
15,73,Large ,25,124,120,6250
16,76,Small,4,63,36,200
17,81,Medium ,11,89,62,1100
18,90,Medium ,10,110,76,1000
19,93,Large ,25,171,77,6250
20,97,Medium ,11,113,49,1100
21,105,Small,5,62,39,250
22,108,Small,5,68,27,250
23,113,Small,5,63,40,250
24,120,Medium ,11,95,40,1100
25,121,Large ,26,187,88,6500
26,130,Medium ,11,68,41,1100
27,131,Small,6,54,39,300
28,136,Medium ,11,101,63,1100
29,142,Small,6,65,39,300
30,149,Medium ,9,103,60,900
31,152,Large ,26,163,60,6500
32,157,Large ,24,149,86,6000
33,165,Large ,24,214,89,6000
34,167,Small,6,58,39,300
35,175,Small,4,40,33,200
36,176,Medium ,10,74,46,1000
37,183,Medium ,10,89,54,1000
38,188,Large ,25,206,60,6250
39,195,Medium ,9,77,73,900
40,200,Medium ,9,88,71,900
41,205,Large ,24,201,87,6000
42,209,Large ,24,121,98,6000
43,212,Small,6,49,20,300
44,216,Small,5,72,39,250
45,225,Large ,24,155,119,6000
46,229,Medium ,10,101,40,1000
47,231,Large ,26,178,102,6500
48,240,Small,4,71,22,200
49,244,Small,6,70,32,300
50,248,Small,4,77,33,200
51,254,Large ,26,172,66,6500
52,260,Small,5,59,35,250
53,264,Medium ,10,81,67,1000
54,268,Large ,26,168,63,6500
55,275,Medium ,11,87,77,1100
56,279,Medium ,10,64,48,1000
57,285,Medium ,10,78,64,1000
58,289,Small,5,62,36,250
59,293,Small,4,46,38,200
60,298,Large ,24,128,88,6000
61,301,Small,5,64,23,250
62,308,Large ,26,132,107,6500
63,314,Small,6,77,36,300
64,317,Small,5,52,21,250
65,324,Medium ,9,105,59,900
66,330,Medium ,11,97,75,1100
67,332,Small,6,71,25,300
68,339,Small,4,42,20,200
69,343,Medium ,10,111,78,1000
70,347,Large ,25,208,76,6250
71,352,Medium ,9,64,65,900
72,356,Small,4,69,28,200
73,364,Large ,25,211,78,6250
74,369,Medium ,9,77,40,900
75,371,Large ,25,183,78,6250
76,380,Medium ,10,94,40,1000
77,381,Medium ,11,105,56,1100
78,390,Medium ,10,82,43,1000
79,395,Medium ,10,111,76,1000
80,398,Large ,26,161,69,6500
81,402,Large ,24,174,95,6000
82,407,Small,4,41,33,200
83,411,Medium ,10,68,45,1000
84,418,Medium ,11,96,47,1100
85,422,Large ,25,129,83,6250
86,427,Medium ,9,75,70,900
87,432,Medium ,10,107,62,1000
88,437,Large ,25,206,61,6250
89,441,Medium ,11,67,58,1100
90,446,Medium ,9,90,77,900
91,452,Medium ,9,101,69,900
92,460,Small,4,70,25,200
93,462,Medium ,11,102,40,1100
94,466,Large ,26,212,77,6500
95,471,Large ,25,149,83,6250
96,480,Medium ,9,110,70,900
97,484,Medium ,10,83,55,1000
98,490,Large ,26,215,63,6500
99,494,Small,5,51,37,250
100,498,Small,4,76,30,200
101,504,Small,6,72,34,300
102,510,Medium ,10,116,64,1000
103,511,Medium ,11,67,52,1100
104,518,Small,5,41,36,250
105,522,Medium ,10,118,57,1000
106,530,Large ,26,196,96,6500
107,535,Medium ,10,84,72,1000
108,538,Small,6,72,25,300
109,543,Small,4,43,36,200
110,549,Large ,26,148,87,6500
111,552,Medium ,10,73,46,1000
112,557,Medium ,10,107,80,1000
113,563,Small,6,54,34,300
114,566,Small,5,75,35,250
115,571,Large ,25,173,116,6250
116,577,Small,5,60,25,250
117,584,Small,4,59,37,200
118,587,Medium ,11,71,61,1100
119,593,Medium ,11,95,79,1100
120,598,Small,5,58,30,250
121,602,Medium ,10,116,65,1000
122,606,Small,4,41,40,200
123,613,Medium ,9,67,76,900
124,617,Medium ,11,88,74,1100
125,624,Large ,24,201,75,6000
126,628,Large ,24,129,66,6000
127,631,Small,4,43,31,200
128,639,Large ,26,162,71,6500
129,644,Large ,26,143,119,6500
130,648,Small,6,70,22,300
131,653,Small,6,52,22,300
132,660,Large ,26,210,113,6500
133,663,Medium ,11,108,74,1100
134,670,Small,6,42,36,300
135,675,Large ,26,148,88,6500
136,680,Medium ,10,101,48,1000
137,685,Medium ,9,109,77,900
138,689,Large ,24,220,67,6000
139,693,Large ,26,173,116,6500
140,700,Large ,24,160,68,6000
141,701,Medium ,11,81,63,1100
142,708,Large ,24,190,85,6000
143,711,Medium ,10,73,62,1000
144,720,Large ,25,216,105,6250
145,723,Small,6,65,24,300
146,728,Medium ,10,105,46,1000
147,735,Small,4,76,40,200
148,738,Small,4,44,24,200
149,744,Small,6,47,35,300
150,749,Small,5,60,37,250
151,752,Large ,26,191,83,6500
152,756,Medium ,10,105,78,1000
153,764,Large ,26,214,111,6500
154,766,Large ,25,134,63,6250
155,772,Large ,26,173,120,6500
156,777,Large ,24,202,114,6000
157,781,Medium ,9,84,41,900
158,788,Medium ,10,103,52,1000
159,792,Large ,25,194,91,6250
160,800,Large ,26,219,106,6500
161,803,Medium ,11,107,69,1100
162,806,Large ,24,130,77,6000
163,814,Medium ,9,114,56,900
164,816,Medium ,11,120,76,1100
165,822,Medium ,11,114,69,1100
166,829,Large ,25,133,118,6250
167,835,Large ,25,164,95,6250
168,838,Medium ,11,86,53,1100
169,843,Large ,26,176,107,6500
170,850,Small,4,62,36,200
171,854,Small,6,47,33,300
172,859,Medium ,9,95,68,900
173,865,Small,6,65,23,300
174,869,Medium ,10,102,71,1000
175,871,Small,5,73,27,250
176,876,Large ,26,204,87,6500
177,883,Medium ,10,105,55,1000
178,888,Large ,25,177,65,6250
179,891,Medium ,9,82,79,900
180,897,Small,4,65,27,200
181,903,Large ,26,130,94,6500
182,910,Medium ,9,112,57,900
183,915,Small,4,43,40,200
184,920,Large ,24,144,108,6000
185,925,Small,4,48,23,200
186,930,Small,6,56,33,300
187,935,Medium ,9,72,45,900
188,937,Medium ,9,83,57,900
189,941,Large ,26,173,75,6500
190,947,Medium ,10,87,72,1000
191,953,Medium ,9,87,77,900
192,956,Medium ,11,101,45,1100
193,965,Small,5,55,26,250
194,968,Medium ,9,107,53,900
195,974,Large ,24,162,120,6000
196,977,Small,5,42,24,250
197,985,Large ,25,123,81,6250
198,989,Large ,24,157,116,6000
199,991,Medium ,9,89,65,900
200,998,Large ,24,155,67,6000
201,1001,Large ,26,212,91,6500
202,1008,Large ,24,129,60,6000
203,1012,Small,6,66,21,300
204,1020,Small,4,43,26,200
205,1021,Medium ,11,91,53,1100
206,1030,Medium ,10,100,73,1000
207,1031,Small,4,79,29,200
208,1038,Small,6,63,40,300
209,1044,Large ,24,192,65,6000
210,1050,Medium ,9,115,55,900
211,1054,Large ,25,182,89,6250
212,1056,Small,5,65,24,250
213,1065,Medium ,11,68,48,1100
214,1068,Small,4,48,24,200
215,1072,Medium ,10,85,59,1000
216,1078,Small,4,51,32,200
217,1083,Large ,26,193,105,6500
218,1090,Medium ,9,120,58,900
219,1092,Large ,25,175,116,6250
220,1097,Small,6,79,39,300
221,1105,Large ,25,176,89,6250
222,1107,Small,6,52,27,300
223,1112,Large ,26,208,102,6500
224,1117,Large ,25,189,115,6250
225,1123,Medium ,9,103,54,900
226,1128,Medium ,10,86,67,1000
227,1135,Medium ,10,90,48,1000
228,1136,Small,5,79,28,250
229,1142,Medium ,9,120,66,900
230,1150,Small,4,67,27,200
231,1152,Medium ,9,102,60,900
232,1157,Medium ,11,90,62,1100
233,1164,Medium ,9,79,43,900
234,1166,Large ,25,168,97,6250
235,1173,Medium ,11,89,40,1100
236,1178,Large ,24,133,116,6000
237,1185,Small,6,51,23,300
238,1189,Small,4,45,25,200
239,1191,Medium ,10,103,46,1000
240,1197,Large ,25,152,66,6250
241,1205,Small,6,73,35,300
242,1206,Medium ,9,107,67,900
243,1212,Medium ,9,109,60,900
244,1220,Medium ,9,88,62,900
245,1222,Small,4,41,21,200
246,1228,Small,5,64,37,250
247,1232,Small,6,47,35,300
248,1236,Small,5,66,20,250
249,1241,Small,6,67,22,300
250,1247,Medium ,10,72,40,1000
251,1251,Small,6,53,40,300
252,1256,Small,6,56,33,300
253,1261,Medium ,9,75,45,900
254,1268,Small,4,51,20,200
255,1274,Small,5,45,33,250
256,1276,Medium ,10,68,78,1000
257,1282,Large ,26,182,88,6500
258,1286,Small,4,45,25,200
259,1292,Small,5,74,24,250
260,1298,Medium ,11,103,54,1100
261,1303,Small,5,69,37,250
262,1310,Large ,24,146,101,6000
263,1311,Small,5,78,38,250
264,1318,Small,5,50,32,250
265,1324,Large ,26,151,78,6500
266,1326,Large ,25,126,97,6250
267,1332,Medium ,11,110,73,1100
268,1336,Medium ,11,101,74,1100
269,1345,Small,4,69,20,200
270,1346,Medium ,10,75,72,1000
271,1355,Small,6,79,37,300
272,1360,Large ,24,180,111,6000
273,1364,Medium ,10,112,40,1000
274,1367,Medium ,9,75,58,900
275,1375,Medium ,9,116,63,900
276,1378,Large ,24,165,74,6000
277,1384,Large ,25,120,117,6250
278,1389,Medium ,9,100,57,900
279,1393,Medium ,9,112,64,900
280,1400,Small,5,40,33,250
281,1402,Large ,24,163,119,6000
282,1406,Large ,25,140,93,6250
283,1414,Large ,24,162,96,6000
284,1416,Medium ,10,80,78,1000
285,1425,Large ,26,171,79,6500
286,1427,Small,4,53,26,200
287,1433,Medium ,11,118,66,1100
288,1438,Small,6,60,21,300
289,1445,Large ,26,185,91,6500
290,1448,Small,5,54,40,250
291,1451,Medium ,11,84,52,1100
292,1458,Large ,26,124,106,6500
293,1463,Small,6,72,22,300
294,1468,Large ,26,193,61,6500
295,1475,Large ,26,134,90,6500
296,1478,Medium ,11,108,54,1100
297,1484,Small,6,60,34,300
298,1487,Small,6,70,20,300
299,1494,Medium ,11,82,64,1100
300,1496,Large ,25,140,72,6250
301,1502,Large ,25,177,69,6250
302,1508,Large ,26,144,108,6500
303,1513,Medium ,11,113,71,1100
304,1516,Large ,26,196,75,6500
305,1522,Small,5,51,20,250
306,1528,Large ,25,147,71,6250
307,1534,Small,5,66,33,250
308,1536,Small,5,76,39,250
309,1543,Large ,26,154,110,6500
310,1548,Medium ,9,67,59,900
311,1552,Medium ,11,77,58,1100
312,1558,Small,5,78,38,250
313,1563,Medium ,11,119,77,1100
314,1569,Medium ,9,69,52,900
315,1573,Small,6,58,34,300
316,1580,Large ,24,217,114,6000
317,1581,Large ,24,192,72,6000
318,1586,Small,4,53,27,200
319,1593,Large ,24,171,92,6000
320,1598,Small,4,74,22,200
321,1603,Medium ,9,92,61,900
322,1606,Medium ,10,64,47,1000
323,1611,Small,5,66,40,250
324,1618,Large ,25,123,111,6250
325,1624,Large ,24,132,61,6000
326,1628,Medium ,11,112,72,1100
327,1633,Medium ,10,60,77,1000
328,1640,Medium ,10,103,40,1000
329,1642,Large ,26,192,70,6500
330,1646,Medium ,11,104,52,1100
331,1651,Small,4,62,20,200
332,1658,Small,6,71,21,300
333,1665,Large ,26,164,101,6500
334,1666,Small,6,40,31,300
335,1673,Medium ,11,91,70,1100
336,1680,Large ,26,134,79,6500
337,1685,Medium ,10,104,55,1000
338,1687,Small,5,76,29,250
339,1694,Large ,26,207,108,6500
340,1699,Medium ,10,101,40,1000
341,1703,Small,4,52,27,200
342,1710,Medium ,9,110,64,900
343,1711,Medium ,10,65,79,1000
344,1720,Small,6,66,38,300
345,1722,Small,6,43,35,300
346,1726,Medium ,10,104,69,1000
347,1734,Large ,25,160,73,6250
348,1740,Medium ,11,68,63,1100
349,1743,Medium ,10,105,69,1000
350,1748,Large ,25,165,60,6250
351,1751,Medium ,9,114,62,900
352,1760,Medium ,11,79,69,1100
353,1761,Large ,26,187,84,6500
354,1766,Large ,24,168,88,6000
355,1773,Small,5,42,37,250
356,1777,Small,6,58,34,300
357,1782,Medium ,10,93,74,1000
358,1787,Medium ,11,74,40,1100
359,1791,Large ,26,217,105,6500
360,1797,Large ,25,219,89,6250
361,1801,Medium ,10,65,80,1000
362,1809,Medium ,9,109,73,900
363,1813,Small,5,55,31,250
364,1820,Medium ,11,68,79,1100
365,1824,Large ,26,185,85,6500
366,1830,Small,4,71,29,200
367,1833,Small,5,43,32,250
368,1837,Small,6,57,26,300
369,1841,Small,6,64,28,300
370,1846,Medium ,11,116,40,1100
371,1852,Large ,25,207,66,6250
372,1857,Medium ,10,89,51,1000
373,1862,Small,6,58,20,300
374,1866,Small,5,65,39,250
375,1871,Medium ,9,81,68,900
376,1879,Medium ,10,96,40,1000
377,1883,Medium ,10,77,40,1000
378,1886,Small,6,66,39,300
379,1895,Large ,24,191,70,6000
380,1898,Medium ,9,70,41,900
381,1901,Small,4,54,30,200
382,1907,Small,6,53,21,300
383,1914,Small,5,46,40,250
384,1919,Large ,24,143,104,6000
385,1925,Small,4,72,38,200
386,1926,Large ,24,192,115,6000
387,1932,Small,5,75,39,250
388,1940,Large ,26,211,118,6500
389,1942,Medium ,10,112,66,1000
390,1948,Small,6,49,35,300
391,1952,Large ,25,158,75,6250
392,1959,Large ,24,126,76,6000
393,1962,Large ,26,218,119,6500
394,1968,Large ,26,131,78,6500
395,1972,Small,4,60,38,200
396,1977,Small,5,49,35,250
397,1983,Large ,25,161,105,6250
398,1986,Large ,24,184,98,6000
399,1994,Small,6,73,28,300
400,1998,Large ,24,173,72,6000
401,2005,Small,4,47,30,200
402,2006,Medium ,11,80,48,1100
403,2015,Small,4,44,29,200
404,2018,Large ,26,133,79,6500
405,2023,Large ,25,202,65,6250
406,2030,Small,4,40,29,200
407,2032,Small,5,47,21,250
408,2039,Small,6,59,23,300
409,2044,Small,6,63,37,300
410,2046,Large ,24,165,100,6000
411,2053,Medium ,9,110,49,900
412,2058,Medium ,11,115,45,1100
413,2065,Large ,24,146,86,6000
414,2070,Medium ,11,61,68,1100
415,2071,Large ,24,121,67,6000
416,2080,Large ,26,120,79,6500
417,2082,Large ,26,146,71,6500
418,2090,Medium ,10,85,67,1000
419,2093,Small,5,73,29,250
420,2098,Medium ,9,84,79,900
421,2101,Small,6,68,25,300
422,2107,Small,6,75,27,300
423,2112,Small,5,43,27,250
424,2119,Large ,26,190,64,6500
425,2122,Large ,24,208,69,6000
426,2126,Small,4,51,35,200
427,2131,Medium ,9,112,55,900
428,2138,Large ,25,203,86,6250
429,2143,Large ,24,177,90,6000
430,2146,Medium ,10,98,52,1000
431,2154,Medium ,9,61,74,900
432,2159,Small,5,74,38,250
433,2162,Large ,24,183,73,6000
434,2170,Medium ,11,70,43,1100
435,2171,Small,5,52,28,250
436,2180,Medium ,10,95,65,1000
437,2183,Large ,25,170,85,6250
438,2188,Small,6,49,28,300
439,2194,Large ,26,198,91,6500
440,2197,Small,4,51,20,200
441,2201,Medium ,9,85,63,900
442,2206,Medium ,10,80,71,1000
443,2214,Medium ,9,102,61,900
444,2217,Large ,24,184,102,6000
445,2223,Large ,24,157,110,6000
446,2228,Small,4,57,40,200
447,2235,Medium ,9,103,55,900
448,2239,Medium ,10,70,49,1000
449,2244,Small,5,44,30,250
450,2250,Small,5,66,26,250
451,2255,Small,4,68,33,200
452,2258,Small,5,60,32,250
453,2263,Small,4,52,39,200
454,2269,Large ,24,196,111,6000
455,2275,Small,5,60,23,250
456,2276,Medium ,9,106,70,900
457,2284,Medium ,11,74,43,1100
458,2290,Large ,24,213,90,6000
459,2291,Large ,25,196,108,6250
460,2297,Small,4,63,26,200
461,2303,Medium ,9,91,76,900
462,2309,Small,4,53,28,200
463,2313,Medium ,11,105,46,1100
464,2316,Medium ,9,68,78,900
465,2321,Medium ,11,77,46,1100
466,2328,Medium ,10,92,57,1000
467,2333,Medium ,11,108,49,1100
468,2337,Medium ,10,71,56,1000
469,2341,Small,6,69,26,300
470,2349,Small,6,72,20,300
471,2352,Small,5,63,35,250
472,2356,Small,4,46,22,200
473,2365,Large ,25,197,74,6250
474,2368,Medium ,10,119,66,1000
475,2373,Medium ,9,104,79,900
476,2378,Medium ,11,110,56,1100
477,2384,Medium ,9,109,78,900
478,2386,Large ,25,186,69,6250
479,2394,Medium ,10,112,79,1000
480,2399,Medium ,10,80,59,1000
481,2403,Large ,26,131,108,6500
482,2410,Medium ,11,83,51,1100
483,2415,Small,4,75,22,200
484,2417,Medium ,10,74,54,1000
485,2422,Large ,24,130,87,6000
486,2426,Large ,24,140,106,6000
487,2431,Medium ,11,74,64,1100
488,2437,Medium ,11,118,58,1100
489,2441,Medium ,9,84,56,900
490,2450,Medium ,11,88,55,1100
491,2452,Small,6,52,25,300
492,2458,Small,4,44,27,200
493,2464,Small,5,61,35,250
494,2466,Small,4,65,25,200
495,2473,Large ,24,160,101,6000
496,2480,Medium ,9,108,79,900
497,2482,Medium ,9,114,60,900
498,2487,Medium ,9,60,61,900
499,2493,Medium ,11,118,71,1100
500,2496,Medium ,11,117,46,1100
501,2505,Small,5,52,35,250
502,2510,Medium ,10,79,56,1000
503,2515,Medium ,11,113,53,1100
504,2517,Large ,24,149,61,6000
505,2524,Large ,26,139,89,6500
506,2527,Large ,26,195,79,6500
507,2535,Large ,26,200,98,6500
508,2537,Medium ,9,104,79,900
509,2542,Large ,25,215,60,6250
510,2546,Small,4,50,36,200
511,2552,Small,4,57,36,200
512,2556,Large ,24,140,81,6000
513,2561,Medium ,9,117,71,900
514,2569,Large ,26,187,118,6500
515,2575,Medium ,10,61,43,1000
516,2577,Small,6,57,29,300
517,2582,Small,6,58,35,300
518,2590,Medium ,11,116,73,1100
519,2592,Large ,25,155,111,6250
520,2596,Medium ,11,75,73,1100
521,2604,Large ,24,164,109,6000
522,2610,Medium ,9,82,76,900
523,2612,Small,5,52,25,250
524,2620,Large ,24,162,65,6000
525,2623,Medium ,10,120,72,1000
526,2629,Small,5,46,29,250
527,2631,Medium ,11,120,72,1100
528,2637,Large ,26,198,100,6500
529,2642,Large ,26,142,101,6500
530,2646,Medium ,10,90,59,1000
531,2651,Medium ,11,102,44,1100
532,2658,Large ,25,140,92,6250
533,2664,Large ,25,212,64,6250
534,2667,Medium ,9,70,62,900
535,2671,Small,4,80,28,200
536,2678,Large ,24,181,98,6000
537,2685,Small,6,48,38,300
538,2690,Medium ,11,111,64,1100
539,2695,Small,6,61,29,300
540,2696,Small,4,62,29,200
541,2704,Large ,24,165,88,6000
542,2708,Large ,26,139,108,6500
543,2714,Small,6,54,26,300
544,2720,Small,4,71,30,200
545,2721,Small,5,78,34,250
546,2730,Small,5,67,32,250
547,2735,Small,6,77,38,300
548,2738,Large ,26,137,115,6500
549,2743,Small,4,42,35,200
550,2746,Large ,26,205,75,6500
551,2755,Small,5,71,31,250
552,2756,Small,6,67,30,300
553,2763,Medium ,10,84,67,1000
554,2768,Large ,26,151,87,6500
555,2774,Medium ,9,101,59,900
556,2779,Large ,24,156,98,6000
557,2783,Small,4,55,39,200
558,2790,Small,4,74,22,200
559,2794,Large ,25,195,66,6250
560,2796,Large ,26,217,74,6500
561,2801,Large ,25,172,67,6250
562,2808,Small,6,46,33,300
563,2813,Medium ,9,69,45,900
564,2818,Medium ,10,77,65,1000
565,2822,Large ,24,209,112,6000
566,2829,Large ,26,193,89,6500
567,2834,Medium ,11,72,75,1100
568,2838,Large ,24,202,80,6000
569,2841,Large ,26,140,90,6500
570,2849,Small,6,55,29,300
571,2854,Large ,24,131,111,6000
572,2858,Medium ,10,110,40,1000
573,2863,Large ,25,175,65,6250
574,2867,Large ,26,150,112,6500
575,2872,Small,4,58,28,200
576,2876,Large ,25,201,103,6250
577,2882,Large ,24,146,82,6000
578,2887,Medium ,10,80,60,1000
579,2892,Small,6,43,28,300
580,2900,Large ,25,186,98,6250
581,2902,Large ,26,156,110,6500
582,2909,Small,6,43,35,300
583,2912,Medium ,9,68,54,900
584,2918,Large ,26,149,118,6500
585,2921,Medium ,10,65,61,1000
586,2930,Large ,25,136,87,6250
587,2932,Large ,25,186,73,6250
588,2939,Medium ,11,87,70,1100
589,2945,Medium ,9,86,71,900
590,2950,Small,6,56,25,300
591,2952,Medium ,11,115,54,1100
592,2958,Medium ,9,89,58,900
593,2965,Large ,26,210,113,6500
594,2970,Medium ,9,120,72,900
595,2975,Medium ,11,102,62,1100
596,2978,Small,4,80,32,200
597,2983,Small,6,77,34,300
598,2988,Medium ,9,99,74,900
599,2992,Small,5,61,32,250
600,3000,Small,6,54,23,300
601,3003,Medium ,11,111,67,1100
602,3008,Large ,25,167,61,6250
603,3014,Medium ,10,104,61,1000
604,3017,Small,6,69,34,300
605,3025,Small,4,61,27,200
606,3026,Small,6,44,39,300
607,3032,Large ,25,146,72,6250
608,3038,Small,6,79,29,300
609,3045,Large ,26,155,98,6500
610,3047,Medium ,9,96,59,900
611,3051,Small,5,54,34,250
612,3060,Large ,26,142,99,6500
613,3061,Large ,26,189,93,6500
614,3070,Medium ,11,96,50,1100
615,3071,Small,4,72,33,200
616,3080,Medium ,10,77,42,1000
617,3082,Small,6,67,25,300
618,3087,Large ,25,154,78,6250
619,3095,Large ,24,198,81,6000
620,3098,Medium ,9,90,72,900
621,3105,Small,5,56,35,250
622,3109,Large ,24,187,99,6000
623,3112,Small,5,77,39,250
624,3120,Medium ,9,65,56,900
625,3123,Large ,25,197,73,6250
626,3130,Small,6,58,36,300
627,3133,Medium ,9,75,77,900
628,3137,Medium ,9,70,63,900
629,3141,Small,6,46,32,300
630,3150,Small,4,54,35,200
631,3154,Medium ,10,113,73,1000
632,3159,Small,6,62,22,300
633,3165,Small,4,72,40,200
634,3167,Large ,26,182,104,6500
635,3171,Large ,25,210,72,6250
636,3177,Small,4,44,29,200
637,3182,Small,6,73,38,300
638,3190,Large ,24,148,93,6000
639,3192,Large ,24,156,75,6000
640,3199,Small,4,52,36,200
641,3201,Large ,24,199,74,6000
642,3209,Small,4,78,38,200
643,3215,Large ,24,216,68,6000
644,3218,Small,4,40,25,200
645,3223,Medium ,10,72,41,1000
646,3229,Large ,24,169,74,6000
647,3232,Small,5,60,23,250
648,3239,Small,6,63,28,300
649,3242,Small,4,48,29,200
650,3246,Medium ,9,71,79,900
651,3254,Large ,26,121,66,6500
652,3257,Large ,26,175,76,6500
653,3261,Small,4,72,24,200
654,3267,Small,6,49,25,300
655,3275,Small,6,42,35,300
656,3277,Large ,25,127,119,6250
657,3283,Large ,26,133,109,6500
658,3286,Large ,25,125,66,6250
659,3291,Medium ,10,63,60,1000
660,3296,Large ,26,124,114,6500
661,3304,Large ,26,154,114,6500
662,3308,Small,6,49,32,300
663,3312,Medium ,10,112,68,1000
664,3316,Large ,26,131,97,6500
665,3322,Large ,24,150,86,6000
666,3326,Medium ,11,95,43,1100
667,3334,Medium ,9,92,53,900
668,3340,Large ,24,217,99,6000
669,3344,Small,6,51,30,300
670,3348,Medium ,11,107,47,1100
671,3355,Medium ,9,81,47,900
672,3358,Large ,26,151,91,6500
673,3361,Small,4,51,39,200
674,3367,Medium ,10,65,74,1000
675,3373,Large ,24,154,116,6000
676,3377,Small,6,78,31,300
677,3381,Medium ,9,101,56,900
678,3390,Small,6,45,35,300
679,3392,Large ,25,165,94,6250
680,3399,Small,5,54,26,250
681,3402,Medium ,9,82,41,900
682,3409,Small,6,47,27,300
683,3414,Small,5,56,24,250
684,3417,Small,4,70,20,200
685,3421,Small,4,77,36,200
686,3430,Small,6,63,39,300
687,3434,Small,4,66,28,200
688,3438,Small,4,46,40,200
689,3445,Medium ,9,81,80,900
690,3446,Small,4,76,30,200
691,3451,Large ,25,154,97,6250
692,3459,Small,4,46,25,200
693,3461,Large ,26,196,63,6500
694,3469,Medium ,11,103,40,1100
695,3471,Large ,26,203,112,6500
696,3480,Small,4,67,27,200
697,3482,Medium ,10,79,64,1000
698,3488,Medium ,10,101,65,1000
699,3491,Medium ,11,94,57,1100
700,3498,Medium ,11,68,46,1100
701,3504,Small,5,54,29,250
702,3507,Small,5,58,25,250
703,3511,Small,4,51,31,200
704,3517,Small,5,55,28,250
705,3522,Medium ,10,81,62,1000
706,3529,Large ,24,159,109,6000
707,3533,Small,5,74,28,250
708,3538,Large ,26,186,118,6500
709,3541,Medium ,11,70,67,1100
710,3548,Small,6,78,22,300
711,3555,Large ,25,139,68,6250
712,3559,Small,6,41,25,300
713,3561,Large ,25,205,100,6250
714,3567,Large ,25,199,79,6250
715,3571,Small,5,54,34,250
716,3579,Small,4,51,20,200
717,3583,Large ,24,176,88,6000
718,3588,Small,5,79,40,250
719,3592,Medium ,11,61,61,1100
720,3596,Medium ,11,107,44,1100
721,3602,Medium ,9,83,47,900
722,3609,Large ,25,205,93,6250
723,3611,Small,4,60,24,200
724,3620,Small,4,63,28,200
725,3621,Large ,26,125,102,6500
726,3628,Medium ,11,60,43,1100
727,3633,Small,5,78,26,250
728,3636,Medium ,11,94,65,1100
729,3643,Large ,24,182,63,6000
730,3647,Large ,25,175,71,6250
731,3653,Small,4,51,30,200
732,3659,Small,4,68,33,200
733,3661,Medium ,9,100,72,900
734,3669,Small,5,75,31,250
735,3673,Large ,24,127,77,6000
736,3677,Small,4,48,23,200
737,3685,Small,5,42,30,250
738,3687,Small,4,68,20,200
739,3694,Medium ,11,90,70,1100
740,3698,Small,6,78,24,300
741,3705,Small,4,57,38,200
742,3708,Large ,26,201,88,6500
743,3715,Large ,25,166,82,6250
744,3718,Small,5,41,23,250
745,3725,Small,5,76,23,250
746,3727,Large ,26,133,116,6500
747,3732,Large ,25,163,104,6250
748,3736,Small,6,46,23,300
749,3744,Small,6,42,39,300
750,3749,Large ,25,133,106,6250
751,3751,Small,4,47,31,200
752,3759,Large ,24,156,69,6000
753,3764,Large ,26,206,68,6500
754,3766,Medium ,11,111,57,1100
755,3772,Large ,24,165,116,6000
756,3776,Small,5,60,21,250
757,3783,Small,6,43,28,300
758,3787,Medium ,10,112,54,1000
759,3795,Medium ,11,76,46,1100
760,3796,Medium ,11,95,78,1100
761,3805,Small,6,58,37,300
762,3806,Small,6,78,31,300
763,3811,Medium ,11,61,55,1100
764,3820,Small,4,79,32,200
765,3822,Large ,25,194,111,6250
766,3829,Small,4,57,34,200
767,3831,Small,4,53,36,200
768,3839,Large ,24,165,118,6000
769,3845,Large ,25,186,70,6250
770,3849,Large ,24,182,87,6000
771,3854,Medium ,11,73,72,1100
772,3860,Medium ,10,104,40,1000
773,3861,Medium ,10,115,70,1000
774,3869,Small,6,42,35,300
775,3873,Large ,25,201,83,6250
776,3877,Small,6,54,39,300
777,3885,Large ,24,162,80,6000
778,3888,Large ,24,172,61,6000
779,3894,Small,4,43,39,200
780,3899,Small,4,58,32,200
781,3901,Small,5,78,31,250
782,3909,Small,6,45,30,300
783,3913,Small,4,49,30,200
784,3919,Medium ,9,102,55,900
785,3922,Medium ,11,116,72,1100
786,3928,Medium ,10,61,42,1000
787,3934,Large ,26,155,86,6500
788,3937,Medium ,9,65,43,900
789,3945,Medium ,9,108,77,900
790,3949,Large ,24,208,77,6000
791,3955,Small,4,79,36,200
792,3959,Large ,25,217,114,6250
793,3962,Large ,24,189,79,6000
794,3969,Large ,26,211,104,6500
795,3971,Medium ,9,105,75,900
796,3978,Medium ,11,61,65,1100
797,3984,Large ,24,196,108,6000
798,3988,Large ,24,163,120,6000
799,3992,Large ,24,162,61,6000
800,4000,Large ,25,183,107,6250
801,4004,Medium ,11,112,65,1100
802,4009,Large ,26,175,82,6500
803,4012,Small,4,63,23,200
804,4018,Large ,26,181,74,6500
805,4023,Medium ,11,86,66,1100
806,4029,Large ,25,145,83,6250
807,4034,Medium ,10,70,44,1000
808,4040,Small,4,77,31,200
809,4045,Large ,25,167,97,6250
810,4048,Large ,26,145,99,6500
811,4052,Small,5,54,23,250
812,4056,Small,5,43,23,250
813,4063,Medium ,10,111,54,1000
814,4069,Medium ,10,84,63,1000
815,4072,Large ,25,136,63,6250
816,4077,Small,4,71,29,200
817,4081,Large ,26,163,119,6500
818,4086,Large ,24,193,62,6000
819,4095,Small,5,56,39,250
820,4099,Large ,26,210,73,6500
821,4101,Large ,25,158,103,6250
822,4107,Small,6,79,36,300
823,4112,Large ,26,170,71,6500
824,4118,Large ,24,136,73,6000
825,4125,Medium ,10,110,64,1000
826,4126,Medium ,9,100,52,900
827,4131,Small,4,49,29,200
828,4138,Small,4,46,28,200
829,4143,Small,6,44,26,300
830,4146,Large ,26,183,75,6500
831,4155,Large ,24,192,68,6000
832,4157,Large ,26,122,77,6500
833,4161,Medium ,9,79,52,900
834,4168,Medium ,9,60,50,900
835,4174,Medium ,11,63,68,1100
836,4178,Small,4,77,32,200
837,4185,Small,4,48,39,200
838,4188,Medium ,10,116,40,1000
839,4195,Large ,26,172,107,6500
840,4196,Small,4,53,39,200
841,4201,Small,6,57,24,300
842,4208,Large ,24,211,72,6000
843,4212,Large ,26,144,68,6500
844,4218,Small,4,59,34,200
845,4224,Small,4,68,32,200
846,4229,Small,5,79,27,250
847,4232,Medium ,10,112,45,1000
848,4238,Large ,24,140,82,6000
849,4241,Large ,25,159,84,6250
850,4246,Large ,25,125,112,6250
851,4254,Medium ,9,62,55,900
852,4257,Small,5,44,24,250
853,4261,Small,5,59,36,250
854,4266,Large ,26,187,115,6500
855,4271,Large ,25,149,93,6250
856,4276,Medium ,11,93,71,1100
857,4283,Large ,24,189,104,6000
858,4288,Medium ,9,77,71,900
859,4291,Medium ,9,103,45,900
860,4300,Medium ,11,106,40,1100
861,4305,Medium ,11,91,44,1100
862,4307,Small,6,69,29,300
863,4314,Medium ,10,83,58,1000
864,4320,Small,6,79,24,300
865,4322,Medium ,10,90,80,1000
866,4327,Small,4,63,29,200
867,4334,Medium ,9,90,45,900
868,4336,Small,5,45,33,250
869,4342,Large ,24,131,68,6000
870,4350,Medium ,11,98,71,1100
871,4352,Large ,24,142,78,6000
872,4359,Small,4,51,25,200
873,4363,Medium ,11,75,52,1100
874,4368,Large ,25,181,84,6250
875,4375,Small,5,41,32,250
876,4380,Large ,26,143,73,6500
877,4382,Medium ,11,107,40,1100
878,4386,Large ,25,129,106,6250
879,4394,Large ,25,214,66,6250
880,4399,Small,5,45,26,250
881,4405,Medium ,9,79,69,900
882,4409,Small,6,72,20,300
883,4413,Small,6,73,35,300
884,4419,Medium ,11,113,56,1100
885,4422,Large ,24,206,115,6000
886,4428,Medium ,10,98,61,1000
887,4431,Small,4,56,25,200
888,4437,Large ,25,122,99,6250
889,4443,Large ,25,168,93,6250
890,4447,Medium ,10,111,56,1000
891,4453,Large ,24,153,80,6000
892,4460,Large ,25,134,109,6250
893,4464,Small,6,80,37,300
894,4469,Large ,26,167,92,6500
895,4471,Medium ,10,62,68,1000
896,4478,Small,5,72,25,250
897,4484,Small,5,75,28,250
898,4488,Large ,24,166,105,6000
899,4493,Large ,26,168,85,6500
900,4500,Large ,25,218,81,6250
901,4501,Small,6,76,40,300
902,4506,Large ,26,171,117,6500
903,4511,Medium ,10,77,41,1000
904,4518,Small,4,44,34,200
905,4521,Small,5,45,24,250
906,4527,Large ,26,172,74,6500
907,4532,Small,6,51,29,300
908,4539,Small,4,57,28,200
909,4543,Small,5,63,27,250
910,4546,Small,5,80,36,250
911,4554,Small,5,76,30,250
912,4559,Small,5,46,28,250
913,4561,Large ,24,144,102,6000
914,4569,Large ,26,199,73,6500
915,4571,Medium ,10,79,76,1000
916,4576,Small,5,45,38,250
917,4585,Medium ,10,74,45,1000
918,4586,Medium ,9,113,49,900
919,4594,Large ,26,175,79,6500
920,4600,Large ,24,158,62,6000
921,4605,Small,4,76,28,200
922,4609,Medium ,11,71,67,1100
923,4613,Large ,26,120,68,6500
924,4616,Small,5,62,32,250
925,4624,Large ,25,219,97,6250
926,4630,Large ,25,213,111,6250
927,4635,Small,6,42,26,300
928,4639,Medium ,9,103,42,900
929,4645,Large ,26,218,62,6500
930,4646,Large ,24,201,98,6000
931,4652,Medium ,9,90,69,900
932,4659,Medium ,10,81,73,1000
933,4661,Small,6,77,28,300
934,4668,Medium ,11,116,76,1100
935,4671,Large ,26,160,88,6500
936,4678,Medium ,9,103,51,900
937,4682,Large ,24,121,76,6000
938,4687,Medium ,11,87,43,1100
939,4694,Medium ,10,120,62,1000
940,4699,Medium ,11,95,48,1100
941,4704,Large ,25,199,62,6250
942,4710,Small,6,48,33,300
943,4715,Small,5,64,31,250
944,4720,Medium ,11,74,60,1100
945,4722,Large ,24,192,85,6000
946,4729,Large ,25,204,109,6250
947,4734,Medium ,11,76,63,1100
948,4738,Small,6,66,36,300
949,4743,Small,6,71,31,300
950,4750,Large ,26,132,108,6500
951,4751,Medium ,10,76,55,1000
952,4759,Medium ,10,110,76,1000
953,4762,Small,4,66,38,200
954,4768,Large ,24,135,92,6000
955,4775,Medium ,9,99,66,900
956,4780,Small,6,40,35,300
957,4785,Small,4,77,30,200
958,4787,Medium ,9,114,70,900
959,4794,Large ,24,186,115,6000
960,4798,Small,6,63,33,300
961,4803,Small,5,59,40,250
962,4807,Small,6,72,33,300
963,4813,Medium ,10,99,71,1000
964,4816,Small,6,80,29,300
965,4824,Medium ,10,65,56,1000
966,4830,Large ,26,143,62,6500
967,4833,Large ,25,132,81,6250
968,4838,Large ,24,143,75,6000
969,4841,Large ,25,214,90,6250
970,4849,Small,5,80,37,250
971,4851,Large ,26,178,114,6500
972,4860,Medium ,9,74,78,900
973,4864,Large ,24,131,82,6000
974,4867,Small,5,66,26,250
975,4873,Large ,24,151,87,6000
976,4876,Small,4,79,37,200
977,4882,Medium ,9,113,73,900
978,4888,Small,4,70,34,200
979,4892,Medium ,9,93,58,900
980,4898,Medium ,9,75,75,900
981,4902,Small,5,62,38,250
982,4907,Small,5,66,37,250
983,4911,Large ,26,170,98,6500
984,4920,Medium ,9,105,60,900
985,4924,Small,5,47,27,250
986,4926,Small,5,56,33,250
987,4931,Medium ,9,90,62,900
988,4936,Large ,26,220,85,6500
989,4941,Small,6,55,28,300
990,4950,Medium ,10,91,47,1000
991,4953,Medium ,10,93,70,1000
992,4959,Large ,24,149,100,6000
993,4965,Large ,26,144,97,6500
994,4970,Small,5,59,39,250
995,4971,Small,5,75,40,250
996,4978,Large ,24,208,97,6000
997,4982,Medium ,9,96,49,900
998,4987,Small,5,50,28,250
999,4992,Small,5,59,34,250
1000,4997,Large ,26,123,86,6500
1001,5003,Small,5,57,23,250
1002,5007,Large ,26,180,110,6500
1003,5011,Small,6,64,39,300
1004,5017,Medium ,10,115,47,1000
1005,5021,Small,5,65,37,250
1006,5028,Large ,26,138,89,6500
1007,5032,Large ,24,206,116,6000
1008,5036,Small,6,73,22,300
1009,5042,Large ,24,206,80,6000
1010,5047,Medium ,11,90,67,1100
1011,5055,Medium ,11,70,66,1100
1012,5057,Large ,26,209,95,6500
1013,5063,Large ,24,143,119,6000
1014,5069,Medium ,10,100,54,1000
1015,5073,Medium ,9,115,43,900
1016,5080,Large ,25,163,65,6250
1017,5083,Large ,24,203,99,6000
1018,5086,Small,5,71,23,250
1019,5094,Large ,25,141,61,6250
1020,5096,Small,5,53,35,250
1021,5101,Large ,25,156,92,6250
1022,5107,Large ,24,142,87,6000
1023,5113,Small,6,61,31,300
1024,5120,Large ,26,144,116,6500
1025,5124,Medium ,10,76,66,1000
1026,5127,Small,5,52,32,250
1027,5133,Medium ,10,87,45,1000
1028,5138,Medium ,9,67,60,900
1029,5143,Small,4,72,23,200
1030,5149,Small,5,69,39,250
1031,5154,Medium ,9,107,62,900
1032,5156,Large ,26,196,100,6500
1033,5163,Medium ,9,95,54,900
1034,5167,Large ,26,150,75,6500
1035,5174,Large ,26,214,107,6500
1036,5179,Medium ,9,74,74,900
1037,5183,Small,4,44,39,200
1038,5186,Medium ,10,83,41,1000
1039,5194,Small,5,65,24,250
1040,5197,Medium ,9,65,62,900
1041,5202,Medium ,10,74,56,1000
1042,5209,Small,5,65,31,250
1043,5213,Medium ,9,113,41,900
1044,5217,Large ,25,215,64,6250
1045,5222,Large ,25,120,88,6250
1046,5229,Small,5,53,31,250
1047,5232,Small,5,70,24,250
1048,5237,Small,5,57,29,250
1049,5241,Small,6,69,32,300
1050,5250,Large ,26,193,106,6500
1051,5251,Small,4,68,28,200
1052,5258,Medium ,11,82,57,1100
1053,5261,Medium ,10,107,45,1000
1054,5266,Small,5,69,29,250
1055,5271,Large ,25,152,86,6250
1056,5280,Large ,25,186,83,6250
1057,5282,Small,5,69,31,250
1058,5287,Small,5,61,35,250
1059,5291,Medium ,9,110,74,900
1060,5298,Medium ,11,119,62,1100
1061,5304,Large ,24,185,74,6000
1062,5310,Small,4,49,29,200
1063,5311,Small,5,78,26,250
1064,5319,Small,6,55,26,300
1065,5323,Large ,24,135,115,6000
1066,5330,Medium ,10,68,70,1000
1067,5331,Small,6,76,29,300
1068,5337,Medium ,11,86,42,1100
1069,5342,Small,6,62,27,300
1070,5346,Medium ,10,87,42,1000
1071,5355,Small,5,65,35,250
1072,5358,Large ,26,204,117,6500
1073,5361,Small,4,48,37,200
1074,5368,Large ,26,217,87,6500
1075,5372,Medium ,9,79,73,900
1076,5376,Large ,25,170,63,6250
1077,5382,Large ,25,216,113,6250
1078,5389,Small,4,50,38,200
1079,5391,Small,5,63,27,250
1080,5400,Small,5,43,29,250
1081,5401,Large ,25,205,78,6250
1082,5408,Large ,26,134,63,6500
1083,5413,Large ,24,220,89,6000
1084,5416,Medium ,10,73,48,1000
1085,5423,Medium ,9,102,62,900
1086,5429,Medium ,11,115,50,1100
1087,5435,Large ,25,170,66,6250
1088,5439,Medium ,10,85,42,1000
1089,5442,Medium ,10,105,61,1000
1090,5449,Medium ,11,107,41,1100
1091,5451,Large ,25,149,84,6250
1092,5458,Medium ,9,67,43,900
1093,5463,Medium ,10,64,58,1000
1094,5466,Medium ,11,75,57,1100
1095,5472,Large ,24,194,99,6000
1096,5479,Small,5,76,38,250
1097,5481,Large ,25,200,69,6250
1098,5489,Medium ,10,82,53,1000
1099,5492,Medium ,11,103,59,1100
1100,5498,Large ,26,167,60,6500
1101,5501,Large ,24,126,109,6000
1102,5508,Medium ,11,72,49,1100
1103,5512,Large ,26,209,68,6500
1104,5518,Medium ,10,64,63,1000
1105,5521,Large ,25,129,97,6250
1106,5529,Small,5,42,35,250
1107,5535,Medium ,9,64,59,900
1108,5538,Large ,25,139,62,6250
1109,5543,Small,4,80,26,200
1110,5548,Large ,26,202,103,6500
1111,5555,Large ,26,200,110,6500
1112,5556,Large ,24,120,76,6000
1113,5565,Large ,26,129,97,6500
1114,5570,Large ,26,176,111,6500
1115,5571,Medium ,11,91,42,1100
1116,5579,Medium ,9,81,50,900
1117,5582,Small,4,52,32,200
1118,5587,Medium ,9,119,57,900
1119,5595,Medium ,10,63,40,1000
1120,5598,Small,6,40,26,300
1121,5601,Small,5,72,22,250
1122,5610,Medium ,11,75,45,1100
1123,5611,Medium ,10,98,71,1000
1124,5620,Medium ,10,79,53,1000
1125,5622,Small,4,60,34,200
1126,5629,Medium ,9,108,65,900
1127,5632,Medium ,9,116,48,900
1128,5640,Small,4,75,20,200
1129,5643,Small,5,57,21,250
1130,5646,Medium ,11,62,62,1100
1131,5653,Large ,26,138,68,6500
1132,5660,Large ,24,160,116,6000
1133,5661,Medium ,9,79,76,900
1134,5668,Small,4,78,29,200
1135,5672,Small,4,56,40,200
1136,5677,Medium ,9,67,46,900
1137,5681,Large ,25,150,87,6250
1138,5689,Large ,26,137,109,6500
1139,5692,Large ,24,186,89,6000
1140,5699,Medium ,10,105,50,1000
1141,5704,Small,4,55,28,200
1142,5709,Small,5,43,21,250
1143,5712,Medium ,11,89,70,1100
1144,5717,Medium ,11,84,73,1100
1145,5721,Medium ,11,88,77,1100
1146,5727,Small,6,78,28,300
1147,5732,Medium ,11,118,52,1100
1148,5739,Medium ,9,81,42,900
1149,5744,Medium ,9,91,65,900
1150,5750,Medium ,11,86,63,1100
1151,5752,Large ,26,209,120,6500
1152,5757,Medium ,11,117,59,1100
1153,5761,Large ,24,217,96,6000
1154,5768,Large ,25,178,110,6250
1155,5774,Small,6,43,31,300
1156,5776,Large ,26,218,109,6500
1157,5783,Large ,26,198,102,6500
1158,5786,Small,6,70,21,300
1159,5794,Medium ,10,66,80,1000
1160,5797,Medium ,11,90,67,1100
1161,5804,Medium ,10,85,54,1000
1162,5807,Small,5,80,29,250
1163,5813,Medium ,10,63,65,1000
1164,5819,Large ,24,219,97,6000
1165,5823,Small,6,48,20,300
1166,5829,Large ,25,167,72,6250
1167,5834,Medium ,11,95,73,1100
1168,5837,Small,6,53,37,300
1169,5844,Small,6,63,34,300
1170,5847,Medium ,11,95,78,1100
1171,5853,Medium ,9,80,42,900
1172,5858,Small,4,51,20,200
1173,5861,Small,5,55,38,250
1174,5867,Large ,26,208,88,6500
1175,5871,Medium ,11,103,65,1100
1176,5878,Small,6,69,38,300
1177,5884,Large ,25,174,116,6250
1178,5890,Small,4,52,35,200
1179,5892,Large ,26,148,89,6500
1180,5898,Medium ,10,93,47,1000
1181,5903,Large ,26,129,63,6500
1182,5909,Medium ,11,94,76,1100
1183,5911,Small,4,41,21,200
1184,5919,Medium ,10,100,69,1000
1185,5924,Large ,24,163,90,6000
1186,5927,Large ,26,195,120,6500
1187,5933,Small,6,52,30,300
1188,5939,Medium ,9,118,65,900
1189,5944,Large ,26,163,95,6500
1190,5949,Small,5,53,26,250
1191,5955,Medium ,10,112,41,1000
1192,5956,Small,6,67,32,300
1193,5962,Large ,24,197,118,6000
1194,5969,Medium ,9,71,42,900
1195,5975,Large ,25,208,65,6250
1196,5978,Large ,25,124,69,6250
1197,5984,Medium ,9,68,62,900
1198,5986,Large ,25,198,88,6250
1199,5995,Medium ,11,76,62,1100
1200,5996,Large ,25,143,95,6250
1201,6002,Medium ,11,86,79,1100
1202,6008,Small,6,55,24,300
1203,6012,Medium ,10,87,70,1000
1204,6019,Small,4,52,39,200
1205,6021,Small,4,76,40,200
1206,6029,Small,5,75,39,250
1207,6032,Medium ,11,95,69,1100
1208,6038,Small,4,64,33,200
1209,6044,Small,4,74,24,200
1210,6048,Large ,24,193,65,6000
1211,6054,Medium ,10,76,73,1000
1212,6056,Large ,26,201,101,6500
1213,6065,Medium ,11,94,71,1100
1214,6070,Large ,26,127,69,6500
1215,6071,Medium ,11,67,40,1100
1216,6080,Medium ,9,68,74,900
1217,6084,Small,5,53,20,250
1218,6088,Small,6,67,24,300
1219,6095,Medium ,10,103,61,1000
1220,6098,Large ,24,145,111,6000
1221,6101,Small,5,53,20,250
1222,6109,Medium ,10,98,49,1000
1223,6112,Small,6,79,26,300
1224,6119,Medium ,9,86,45,900
1225,6121,Large ,25,155,99,6250
1226,6127,Large ,24,186,76,6000
1227,6133,Small,6,61,29,300
1228,6137,Medium ,11,98,67,1100
1229,6141,Large ,25,214,105,6250
1230,6150,Medium ,11,74,74,1100
1231,6152,Small,5,75,34,250
1232,6160,Large ,25,150,74,6250
1233,6163,Large ,26,194,103,6500
1234,6168,Large ,24,182,92,6000
1235,6171,Large ,24,169,69,6000
1236,6178,Small,6,71,20,300
1237,6181,Large ,25,123,87,6250
1238,6188,Medium ,10,97,79,1000
1239,6195,Medium ,11,89,62,1100
1240,6200,Large ,26,178,66,6500
1241,6203,Large ,25,208,96,6250
1242,6207,Large ,26,181,112,6500
1243,6214,Large ,25,178,118,6250
1244,6218,Large ,25,197,79,6250
1245,6224,Small,4,75,39,200
1246,6229,Small,6,79,25,300
1247,6234,Medium ,10,91,66,1000
1248,6237,Medium ,10,90,51,1000
1249,6245,Small,4,57,25,200
1250,6250,Medium ,11,65,56,1100
1251,6255,Medium ,10,64,44,1000
1252,6256,Medium ,11,94,46,1100
1253,6262,Small,5,65,21,250
1254,6268,Large ,25,180,94,6250
1255,6271,Small,5,57,23,250
1256,6277,Medium ,11,83,79,1100
1257,6284,Medium ,11,105,70,1100
1258,6288,Large ,26,140,112,6500
1259,6295,Small,6,50,37,300
1260,6297,Large ,24,163,70,6000
1261,6304,Large ,24,157,61,6000
1262,6310,Small,5,60,21,250
1263,6314,Small,6,70,26,300
1264,6316,Medium ,11,80,43,1100
1265,6323,Small,4,65,29,200
1266,6330,Small,6,41,21,300
1267,6332,Medium ,10,102,72,1000
1268,6340,Small,4,63,24,200
1269,6341,Small,4,42,23,200
1270,6347,Small,5,46,40,250
1271,6355,Medium ,11,94,49,1100
1272,6360,Medium ,10,68,61,1000
1273,6362,Large ,24,142,108,6000
1274,6367,Small,5,44,24,250
1275,6374,Medium ,11,85,68,1100
1276,6377,Medium ,9,101,68,900
1277,6381,Large ,26,197,94,6500
1278,6386,Large ,25,165,82,6250
1279,6395,Medium ,9,77,51,900
1280,6398,Medium ,11,107,65,1100
1281,6405,Medium ,11,101,80,1100
1282,6408,Small,4,42,23,200
1283,6412,Small,4,64,39,200
1284,6419,Small,5,51,31,250
1285,6424,Medium ,11,105,75,1100
1286,6426,Small,6,48,33,300
1287,6433,Small,4,50,27,200
1288,6437,Medium ,10,62,78,1000
1289,6442,Small,5,60,39,250
1290,6447,Large ,25,210,98,6250
1291,6453,Small,6,49,26,300
1292,6457,Medium ,10,67,80,1000
1293,6465,Medium ,11,114,68,1100
1294,6470,Large ,26,198,80,6500
1295,6475,Medium ,10,85,61,1000
1296,6478,Small,5,52,35,250
1297,6484,Medium ,9,85,71,900
1298,6487,Small,5,71,34,250
1299,6492,Medium ,11,73,40,1100
1300,6500,Large ,26,130,79,6500
1301,6504,Small,4,76,38,200
1302,6509,Small,5,75,20,250
1303,6514,Large ,25,170,73,6250
1304,6520,Medium ,11,76,62,1100
1305,6521,Small,6,79,33,300
1306,6529,Small,4,80,40,200
1307,6531,Medium ,10,94,73,1000
1308,6537,Medium ,11,103,77,1100
1309,6541,Small,4,70,30,200
1310,6546,Large ,24,150,70,6000
1311,6555,Large ,26,213,112,6500
1312,6558,Small,5,49,29,250
1313,6565,Medium ,11,66,78,1100
1314,6566,Medium ,11,98,40,1100
1315,6573,Large ,25,162,98,6250
1316,6576,Medium ,10,88,72,1000
1317,6585,Medium ,10,96,48,1000
1318,6588,Large ,24,198,65,6000
1319,6591,Large ,24,134,115,6000
1320,6597,Large ,26,201,110,6500
1321,6601,Large ,25,122,85,6250
1322,6608,Medium ,10,103,40,1000
1323,6615,Large ,24,178,112,6000
1324,6619,Small,6,70,28,300
1325,6621,Medium ,10,64,73,1000
1326,6628,Small,4,56,21,200
1327,6632,Small,4,67,36,200
1328,6637,Large ,25,156,96,6250
1329,6642,Large ,25,173,97,6250
1330,6648,Small,5,42,27,250
1331,6651,Medium ,9,95,45,900
1332,6660,Medium ,11,93,52,1100
1333,6665,Medium ,9,67,70,900
1334,6668,Small,4,67,40,200
1335,6674,Large ,24,173,105,6000
1336,6677,Medium ,9,68,80,900
1337,6681,Large ,24,140,82,6000
1338,6689,Medium ,9,60,57,900
1339,6691,Large ,25,181,97,6250
1340,6699,Small,4,73,36,200
1341,6703,Medium ,9,82,50,900
1342,6710,Large ,26,196,62,6500
1343,6714,Large ,25,184,107,6250
1344,6720,Medium ,9,95,64,900
1345,6725,Medium ,9,117,64,900
1346,6727,Small,4,41,21,200
1347,6733,Small,4,53,35,200
1348,6740,Large ,25,140,115,6250
1349,6741,Large ,26,146,108,6500
1350,6750,Large ,25,170,92,6250
1351,6755,Large ,25,153,72,6250
1352,6760,Medium ,11,112,43,1100
1353,6764,Medium ,10,113,65,1000
1354,6766,Medium ,9,108,75,900
1355,6774,Large ,25,162,62,6250
1356,6776,Small,6,44,39,300
1357,6785,Large ,25,134,90,6250
1358,6788,Small,6,47,22,300
1359,6794,Medium ,11,112,76,1100
1360,6798,Large ,25,158,77,6250
1361,6803,Small,5,60,40,250
1362,6808,Small,5,69,38,250
1363,6814,Medium ,9,113,60,900
1364,6820,Small,6,60,33,300
1365,6823,Medium ,9,72,47,900
1366,6829,Medium ,9,102,53,900
1367,6834,Medium ,10,92,43,1000
1368,6839,Small,4,59,38,200
1369,6842,Medium ,11,117,78,1100
1370,6850,Medium ,10,96,43,1000
1371,6851,Large ,26,218,117,6500
1372,6858,Medium ,9,67,65,900
1373,6864,Large ,24,132,88,6000
1374,6868,Small,6,66,25,300
1375,6875,Large ,25,127,67,6250
1376,6876,Large ,25,205,69,6250
1377,6883,Small,5,49,34,250
1378,6888,Small,5,40,26,250
1379,6891,Medium ,10,77,63,1000
1380,6900,Small,4,79,27,200
1381,6905,Small,6,52,39,300
1382,6906,Large ,24,155,106,6000
1383,6911,Large ,26,184,78,6500
1384,6918,Large ,24,162,116,6000
1385,6922,Small,4,67,38,200
1386,6929,Medium ,9,113,63,900
1387,6934,Large ,26,174,84,6500
1388,6939,Large ,25,186,85,6250
1389,6942,Large ,25,190,85,6250
1390,6946,Small,6,74,29,300
1391,6954,Small,4,70,39,200
1392,6960,Small,4,42,22,200
1393,6961,Large ,26,132,111,6500
1394,6968,Medium ,11,72,63,1100
1395,6975,Small,5,46,39,250
1396,6977,Large ,25,162,63,6250
1397,6983,Medium ,9,116,58,900
1398,6988,Large ,24,198,60,6000
1399,6991,Medium ,11,117,73,1100
1400,6998,Medium ,10,60,44,1000
1401,7004,Medium ,9,110,51,900
1402,7006,Small,5,76,24,250
1403,7012,Medium ,9,112,79,900
1404,7016,Large ,25,187,65,6250
1405,7021,Small,5,75,20,250
1406,7028,Medium ,11,103,58,1100
1407,7032,Large ,26,185,104,6500
1408,7040,Small,4,44,33,200
1409,7041,Small,4,71,32,200
1410,7049,Large ,26,183,98,6500
1411,7053,Small,5,55,39,250
1412,7059,Medium ,9,94,51,900
1413,7065,Large ,26,165,81,6500
1414,7070,Medium ,10,114,79,1000
1415,7075,Small,6,76,38,300
1416,7079,Small,4,43,34,200
1417,7081,Small,5,52,34,250
1418,7088,Medium ,11,72,43,1100
1419,7093,Small,4,68,24,200
1420,7100,Large ,25,136,62,6250
1421,7101,Large ,26,160,88,6500
1422,7110,Small,4,44,37,200
1423,7112,Small,4,43,20,200
1424,7119,Large ,24,197,107,6000
1425,7121,Small,5,44,27,250
1426,7126,Small,6,41,21,300
1427,7131,Medium ,9,72,62,900
1428,7140,Large ,24,134,112,6000
1429,7143,Small,6,66,22,300
1430,7148,Large ,26,132,93,6500
1431,7151,Medium ,11,100,80,1100
1432,7158,Small,4,66,30,200
1433,7164,Medium ,9,110,77,900
1434,7166,Large ,24,182,89,6000
1435,7175,Medium ,11,85,80,1100
1436,7180,Large ,24,195,120,6000
1437,7185,Small,4,46,31,200
1438,7189,Large ,25,148,99,6250
1439,7193,Medium ,10,74,44,1000
1440,7198,Medium ,11,88,61,1100
1441,7205,Small,6,56,22,300
1442,7206,Medium ,9,76,70,900
1443,7214,Medium ,10,84,51,1000
1444,7218,Large ,25,203,72,6250
1445,7221,Large ,24,165,91,6000
1446,7226,Medium ,9,77,50,900
1447,7233,Medium ,9,114,52,900
1448,7238,Small,4,76,35,200
1449,7242,Small,4,53,22,200
1450,7248,Large ,24,189,116,6000
1451,7252,Large ,25,202,87,6250
1452,7258,Large ,24,192,113,6000
1453,7261,Large ,24,167,65,6000
1454,7269,Large ,26,128,95,6500
1455,7271,Medium ,9,113,61,900
1456,7280,Medium ,10,87,78,1000
1457,7282,Medium ,9,63,41,900
1458,7290,Medium ,11,84,59,1100
1459,7295,Large ,25,176,94,6250
1460,7297,Large ,25,185,109,6250
1461,7301,Medium ,10,118,55,1000
1462,7306,Small,4,69,28,200
1463,7313,Medium ,9,92,61,900
1464,7316,Small,6,63,20,300
1465,7324,Large ,25,199,61,6250
1466,7330,Small,5,57,31,250
1467,7331,Small,4,68,26,200
1468,7336,Small,4,51,35,200
1469,7344,Large ,25,160,67,6250
1470,7348,Medium ,11,107,70,1100
1471,7352,Small,6,66,26,300
1472,7358,Medium ,10,106,72,1000
1473,7362,Large ,25,133,98,6250
1474,7367,Small,6,69,34,300
1475,7375,Small,5,50,28,250
1476,7377,Small,4,52,25,200
1477,7384,Medium ,9,79,52,900
1478,7387,Small,5,65,30,250
1479,7394,Medium ,9,91,50,900
1480,7399,Medium ,11,105,58,1100
1481,7405,Medium ,10,69,64,1000
1482,7409,Large ,24,152,72,6000
1483,7414,Small,6,48,40,300
1484,7417,Medium ,11,106,79,1100
1485,7425,Large ,25,188,65,6250
1486,7427,Small,4,78,38,200
1487,7435,Large ,26,184,60,6500
1488,7438,Medium ,11,89,80,1100
1489,7445,Large ,25,146,101,6250
1490,7446,Large ,26,153,70,6500
1491,7451,Large ,24,206,93,6000
1492,7456,Small,5,74,31,250
1493,7464,Medium ,11,67,45,1100
1494,7466,Small,4,56,28,200
1495,7473,Medium ,11,105,64,1100
1496,7480,Large ,25,183,83,6250
1497,7484,Medium ,9,60,59,900
1498,7486,Large ,25,202,107,6250
1499,7492,Small,5,45,40,250
1500,7496,Medium ,10,84,54,1000
1501,7504,Medium ,11,70,70,1100
1502,7510,Small,5,77,21,250
1503,7511,Large ,25,203,69,6250
1504,7516,Large ,26,149,100,6500
1505,7525,Large ,24,136,110,6000
1506,7526,Medium ,9,70,77,900
1507,7532,Small,6,62,24,300
1508,7538,Medium ,11,71,41,1100
1509,7542,Medium ,11,72,53,1100
1510,7548,Small,4,54,27,200
1511,7553,Large ,24,192,77,6000
1512,7557,Medium ,11,116,57,1100
1513,7563,Large ,26,174,63,6500
1514,7570,Medium ,9,98,64,900
1515,7572,Medium ,11,99,46,1100
1516,7576,Large ,26,148,105,6500
1517,7581,Large ,25,199,88,6250
1518,7586,Small,5,72,21,250
1519,7594,Small,6,63,33,300
1520,7599,Small,4,66,34,200
1521,7601,Small,4,60,23,200
1522,7606,Medium ,10,89,64,1000
1523,7612,Medium ,10,112,70,1000
1524,7616,Large ,25,153,97,6250
1525,7621,Medium ,9,72,77,900
1526,7627,Medium ,9,60,63,900
1527,7635,Small,6,72,40,300
1528,7636,Large ,25,132,102,6250
1529,7642,Large ,26,162,63,6500
1530,7647,Small,5,56,27,250
1531,7653,Medium ,9,61,44,900
1532,7660,Small,4,43,23,200
1533,7661,Medium ,10,66,75,1000
1534,7668,Large ,25,143,73,6250
1535,7672,Small,4,79,34,200
1536,7676,Medium ,11,61,66,1100
1537,7681,Large ,25,157,65,6250
1538,7688,Small,5,48,21,250
1539,7691,Small,4,46,37,200
1540,7697,Large ,26,202,98,6500
1541,7703,Large ,24,142,88,6000
1542,7710,Large ,25,156,102,6250
1543,7711,Medium ,10,70,71,1000
1544,7717,Large ,26,130,75,6500
1545,7722,Large ,26,132,89,6500
1546,7730,Medium ,11,75,75,1100
1547,7732,Large ,25,191,103,6250
1548,7738,Small,4,73,28,200
1549,7745,Medium ,11,100,41,1100
1550,7747,Medium ,10,90,56,1000
1551,7755,Large ,25,215,68,6250
1552,7757,Small,6,54,37,300
1553,7763,Small,6,78,39,300
1554,7768,Medium ,9,106,76,900
1555,7772,Medium ,10,105,58,1000
1556,7780,Large ,24,194,120,6000
1557,7783,Medium ,10,92,49,1000
1558,7788,Small,4,50,26,200
1559,7791,Large ,25,211,89,6250
1560,7798,Medium ,11,97,80,1100
1561,7805,Large ,26,163,113,6500
1562,7810,Medium ,11,113,45,1100
1563,7815,Large ,25,129,73,6250
1564,7817,Small,5,63,28,250
1565,7825,Small,6,59,28,300
1566,7828,Small,6,62,22,300
1567,7835,Large ,25,144,114,6250
1568,7837,Small,6,72,33,300
1569,7844,Small,5,41,23,250
1570,7849,Small,6,53,33,300
1571,7855,Large ,25,160,103,6250
1572,7857,Medium ,9,65,50,900
1573,7863,Large ,25,202,100,6250
1574,7869,Large ,26,178,85,6500
1575,7875,Large ,24,152,73,6000
1576,7876,Small,6,71,22,300
1577,7881,Large ,26,124,73,6500
1578,7889,Medium ,10,66,50,1000
1579,7891,Medium ,11,88,77,1100
1580,7898,Small,5,79,29,250
1581,7904,Large ,26,184,90,6500
1582,7910,Small,5,54,22,250
1583,7911,Medium ,11,88,52,1100
1584,7919,Small,6,57,35,300
1585,7921,Small,5,62,25,250
1586,7928,Small,6,60,40,300
1587,7933,Medium ,9,97,49,900
1588,7937,Large ,25,125,100,6250
1589,7943,Small,6,56,30,300
1590,7947,Medium ,11,65,41,1100
1591,7955,Large ,25,210,60,6250
1592,7958,Medium ,10,93,76,1000
1593,7962,Small,6,55,28,300
1594,7970,Medium ,11,98,78,1100
1595,7971,Medium ,10,69,46,1000
1596,7978,Large ,24,182,110,6000
1597,7984,Medium ,11,108,73,1100
1598,7989,Large ,24,202,69,6000
1599,7992,Small,6,80,34,300
1600,7999,Small,5,69,29,250
1601,8003,Small,5,53,24,250
1602,8006,Small,4,40,28,200
1603,8012,Medium ,9,89,41,900
1604,8018,Small,4,64,39,200
1605,8023,Small,5,57,28,250
1606,8029,Large ,26,161,72,6500
1607,8034,Large ,24,184,92,6000
1608,8036,Large ,24,184,95,6000
1609,8044,Small,6,79,23,300
1610,8049,Large ,26,129,65,6500
1611,8052,Medium ,9,101,57,900
1612,8059,Large ,25,121,75,6250
1613,8064,Large ,26,218,109,6500
1614,8068,Small,6,57,32,300
1615,8075,Large ,24,161,75,6000
1616,8080,Large ,25,176,94,6250
1617,8085,Small,5,53,24,250
1618,8089,Medium ,11,68,50,1100
1619,8091,Medium ,10,108,77,1000
1620,8097,Large ,24,122,99,6000
1621,8103,Medium ,10,94,73,1000
1622,8110,Large ,25,125,102,6250
1623,8112,Large ,24,132,92,6000
1624,8116,Medium ,10,112,44,1000
1625,8125,Small,5,42,28,250
1626,8127,Medium ,9,98,57,900
1627,8132,Large ,26,186,117,6500
1628,8138,Large ,25,128,73,6250
1629,8143,Large ,26,124,80,6500
1630,8146,Large ,24,120,111,6000
1631,8151,Medium ,11,104,80,1100
1632,8159,Large ,25,123,100,6250
1633,8163,Medium ,11,79,44,1100
1634,8166,Medium ,10,110,48,1000
1635,8174,Large ,25,162,104,6250
1636,8177,Small,6,41,20,300
1637,8182,Medium ,11,68,66,1100
1638,8188,Medium ,11,74,71,1100
1639,8193,Large ,26,121,103,6500
1640,8199,Small,4,66,39,200
1641,8202,Medium ,11,113,69,1100
1642,8209,Medium ,10,71,58,1000
1643,8212,Medium ,9,108,79,900
1644,8217,Small,6,44,39,300
1645,8221,Medium ,11,85,63,1100
1646,8229,Small,6,53,38,300
1647,8233,Large ,25,159,116,6250
1648,8237,Medium ,10,97,60,1000
1649,8244,Large ,24,191,101,6000
1650,8250,Small,5,45,29,250
1651,8254,Large ,24,142,114,6000
1652,8256,Medium ,10,71,52,1000
1653,8264,Medium ,9,91,69,900
1654,8269,Medium ,9,76,62,900
1655,8273,Medium ,9,93,72,900
1656,8278,Large ,24,137,85,6000
1657,8283,Large ,24,150,90,6000
1658,8287,Small,4,79,31,200
1659,8294,Large ,25,199,72,6250
1660,8296,Medium ,10,72,56,1000
1661,8303,Large ,24,147,94,6000
1662,8310,Large ,24,188,69,6000
1663,8312,Large ,24,148,73,6000
1664,8316,Large ,26,203,79,6500
1665,8325,Large ,24,130,118,6000
1666,8328,Large ,26,166,71,6500
1667,8334,Small,6,63,40,300
1668,8336,Medium ,10,117,75,1000
1669,8345,Large ,25,124,78,6250
1670,8347,Small,6,55,26,300
1671,8351,Medium ,9,119,47,900
1672,8360,Small,5,80,22,250
1673,8362,Medium ,10,98,58,1000
1674,8366,Small,6,43,39,300
1675,8372,Large ,25,185,82,6250
1676,8380,Small,5,48,24,250
1677,8382,Large ,26,172,96,6500
1678,8388,Large ,25,203,85,6250
1679,8395,Small,5,42,34,250
1680,8399,Medium ,10,60,58,1000
1681,8403,Medium ,11,89,49,1100
1682,8410,Small,4,75,21,200
1683,8413,Small,4,75,21,200
1684,8418,Large ,25,204,88,6250
1685,8425,Large ,25,164,119,6250
1686,8428,Small,6,53,25,300
1687,8432,Small,4,45,29,200
1688,8438,Large ,25,161,98,6250
1689,8443,Medium ,9,89,75,900
1690,8446,Small,6,68,36,300
1691,8454,Medium ,9,109,71,900
1692,8456,Large ,24,165,95,6000
1693,8461,Large ,25,138,63,6250
1694,8468,Large ,25,161,85,6250
1695,8474,Small,4,80,36,200
1696,8480,Medium ,10,65,41,1000
1697,8485,Large ,24,200,98,6000
1698,8486,Small,6,43,29,300
1699,8494,Medium ,11,70,47,1100
1700,8496,Large ,25,152,102,6250
1701,8502,Large ,24,207,64,6000
1702,8510,Small,5,55,31,250
1703,8513,Large ,26,187,73,6500
1704,8518,Medium ,10,97,49,1000
1705,8524,Large ,26,174,89,6500
1706,8530,Large ,25,210,85,6250
1707,8534,Medium ,11,118,61,1100
1708,8539,Medium ,10,74,50,1000
1709,8545,Medium ,10,65,58,1000
1710,8550,Small,5,55,29,250
1711,8551,Small,5,49,34,250
1712,8557,Small,6,62,25,300
1713,8562,Medium ,10,98,52,1000
1714,8569,Small,5,53,21,250
1715,8571,Medium ,11,66,55,1100
1716,8579,Small,5,55,21,250
1717,8584,Small,4,49,38,200
1718,8587,Large ,26,187,71,6500
1719,8595,Small,4,58,33,200
1720,8600,Large ,25,134,90,6250
1721,8605,Medium ,10,77,59,1000
1722,8609,Medium ,10,116,76,1000
1723,8613,Medium ,11,85,44,1100
1724,8618,Large ,25,124,66,6250
1725,8622,Medium ,10,81,71,1000
1726,8626,Large ,26,172,120,6500
1727,8634,Small,6,64,29,300
1728,8638,Large ,25,188,119,6250
1729,8645,Medium ,9,67,66,900
1730,8646,Small,5,58,29,250
1731,8652,Small,4,53,23,200
1732,8660,Small,6,51,28,300
1733,8664,Medium ,10,79,40,1000
1734,8666,Large ,24,138,61,6000
1735,8672,Small,5,67,27,250
1736,8679,Small,6,60,28,300
1737,8682,Medium ,10,73,45,1000
1738,8686,Small,4,63,23,200
1739,8694,Medium ,11,87,78,1100
1740,8696,Medium ,9,104,80,900
1741,8705,Large ,24,151,82,6000
1742,8706,Small,4,48,21,200
1743,8713,Small,4,48,36,200
1744,8717,Large ,25,166,61,6250
1745,8722,Medium ,10,108,45,1000
1746,8730,Medium ,11,96,40,1100
1747,8734,Small,6,46,23,300
1748,8740,Medium ,9,94,40,900
1749,8742,Large ,25,162,107,6250
1750,8746,Small,5,63,35,250
1751,8754,Medium ,9,89,60,900
1752,8758,Large ,24,202,92,6000
1753,8762,Medium ,10,60,64,1000
1754,8768,Large ,26,175,84,6500
1755,8775,Large ,26,156,115,6500
1756,8776,Large ,24,204,80,6000
1757,8785,Small,6,56,37,300
1758,8788,Large ,26,150,109,6500
1759,8794,Medium ,9,94,73,900
1760,8797,Small,4,64,34,200
1761,8803,Medium ,10,98,71,1000
1762,8808,Large ,24,175,101,6000
1763,8813,Large ,24,212,68,6000
1764,8819,Large ,25,190,84,6250
1765,8822,Medium ,11,105,75,1100
1766,8826,Large ,26,136,63,6500
1767,8834,Small,6,63,34,300
1768,8840,Large ,25,170,104,6250
1769,8845,Small,5,48,22,250
1770,8846,Small,4,51,36,200
1771,8853,Large ,26,158,109,6500
1772,8857,Large ,24,200,101,6000
1773,8863,Medium ,9,106,65,900
1774,8870,Large ,26,144,115,6500
1775,8873,Small,5,46,27,250
1776,8878,Medium ,10,80,56,1000
1777,8885,Small,5,78,28,250
1778,8888,Small,6,60,29,300
1779,8893,Medium ,10,65,48,1000
1780,8897,Medium ,11,77,51,1100
1781,8901,Large ,26,129,109,6500
1782,8906,Small,6,63,40,300
1783,8912,Large ,24,157,109,6000
1784,8917,Large ,26,218,119,6500
1785,8921,Small,5,79,39,250
1786,8928,Medium ,10,97,44,1000
1787,8932,Small,6,51,34,300
1788,8936,Small,6,77,30,300
1789,8945,Medium ,9,103,47,900
1790,8950,Medium ,9,115,66,900
1791,8954,Medium ,9,67,47,900
1792,8956,Small,5,71,31,250
1793,8965,Medium ,9,82,49,900
1794,8970,Medium ,11,76,75,1100
1795,8971,Large ,26,157,97,6500
1796,8980,Small,5,71,36,250
1797,8982,Small,5,67,23,250
1798,8989,Small,5,71,21,250
1799,8995,Small,6,69,20,300
1800,8996,Medium ,10,104,70,1000
1801,9003,Medium ,11,109,43,1100
1802,9007,Large ,26,136,113,6500
1803,9013,Large ,24,208,104,6000
1804,9020,Medium ,11,81,80,1100
1805,9025,Medium ,10,108,79,1000
1806,9029,Small,4,62,31,200
1807,9031,Large ,24,196,96,6000
1808,9039,Large ,26,205,92,6500
1809,9045,Small,5,43,39,250
1810,9046,Medium ,10,65,66,1000
1811,9055,Medium ,11,100,51,1100
1812,9059,Large ,25,186,87,6250
1813,9065,Medium ,10,79,49,1000
1814,9067,Large ,24,208,73,6000
1815,9072,Medium ,9,109,67,900
1816,9079,Medium ,11,82,46,1100
1817,9084,Medium ,10,62,40,1000
1818,9087,Medium ,10,90,52,1000
1819,9095,Small,5,52,31,250
1820,9099,Large ,25,188,68,6250
1821,9101,Large ,24,164,72,6000
1822,9106,Large ,26,139,101,6500
1823,9112,Medium ,9,100,61,900
1824,9119,Large ,26,202,105,6500
1825,9124,Medium ,10,71,54,1000
1826,9126,Small,6,78,34,300
1827,9135,Medium ,11,92,74,1100
1828,9136,Large ,26,143,106,6500
1829,9145,Large ,24,202,88,6000
1830,9148,Small,6,73,27,300
1831,9151,Small,4,72,21,200
1832,9159,Medium ,9,83,45,900
1833,9163,Small,6,72,33,300
1834,9166,Small,6,54,30,300
1835,9171,Large ,26,162,100,6500
1836,9178,Medium ,9,113,47,900
1837,9185,Small,5,46,30,250
1838,9186,Large ,26,158,61,6500
1839,9193,Small,5,80,33,250
1840,9200,Small,5,49,27,250
1841,9204,Medium ,9,95,46,900
1842,9210,Small,5,72,25,250
1843,9212,Small,4,65,22,200
1844,9217,Small,5,52,31,250
1845,9224,Medium ,10,66,65,1000
1846,9226,Medium ,9,85,69,900
1847,9235,Large ,26,131,84,6500
1848,9237,Small,5,77,39,250
1849,9245,Medium ,10,95,41,1000
1850,9247,Large ,25,182,85,6250
1851,9254,Small,4,50,20,200
1852,9258,Small,5,48,31,250
1853,9263,Large ,24,197,105,6000
1854,9266,Medium ,9,106,43,900
1855,9272,Large ,25,131,120,6250
1856,9278,Large ,24,121,105,6000
1857,9281,Large ,25,209,70,6250
1858,9290,Large ,25,220,62,6250
1859,9291,Large ,24,218,82,6000
1860,9297,Small,6,70,20,300
1861,9302,Small,5,61,36,250
1862,9307,Large ,24,155,85,6000
1863,9314,Medium ,10,85,60,1000
1864,9316,Small,6,73,36,300
1865,9325,Large ,25,208,80,6250
1866,9330,Medium ,10,101,69,1000
1867,9331,Medium ,10,89,77,1000
1868,9337,Small,6,70,29,300
1869,9345,Medium ,9,82,76,900
1870,9347,Medium ,9,114,49,900
1871,9352,Large ,25,123,64,6250
1872,9358,Medium ,10,62,42,1000
1873,9364,Small,5,47,25,250
1874,9370,Large ,24,218,68,6000
1875,9371,Small,5,41,24,250
1876,9376,Large ,24,212,61,6000
1877,9384,Large ,24,136,80,6000
1878,9388,Small,6,80,29,300
1879,9394,Medium ,10,60,78,1000
1880,9399,Medium ,11,109,52,1100
1881,9403,Medium ,11,118,78,1100
1882,9406,Small,4,80,39,200
1883,9415,Small,6,59,34,300
1884,9419,Medium ,11,76,56,1100
1885,9424,Medium ,10,64,51,1000
1886,9426,Large ,25,135,96,6250
1887,9434,Small,4,50,29,200
1888,9439,Small,5,52,30,250
1889,9441,Medium ,9,114,52,900
1890,9448,Large ,24,220,74,6000
1891,9454,Large ,25,210,63,6250
1892,9456,Large ,24,203,70,6000
1893,9463,Small,4,58,36,200
1894,9467,Large ,25,173,120,6250
1895,9474,Medium ,9,100,52,900
1896,9479,Small,4,78,27,200
1897,9483,Small,6,69,32,300
1898,9488,Small,4,68,37,200
1899,9493,Small,5,65,22,250
1900,9500,Small,6,41,26,300
1901,9505,Medium ,9,73,76,900
1902,9510,Large ,24,145,70,6000
1903,9513,Medium ,10,101,56,1000
1904,9517,Medium ,9,67,59,900
1905,9522,Medium ,10,78,45,1000
1906,9528,Large ,26,215,110,6500
1907,9532,Large ,25,135,94,6250
1908,9536,Small,5,48,39,250
1909,9544,Large ,26,168,94,6500
1910,9550,Small,5,59,24,250
1911,9551,Medium ,9,107,65,900
1912,9557,Small,6,58,25,300
1913,9562,Small,5,60,30,250
1914,9567,Medium ,11,65,59,1100
1915,9575,Small,4,52,33,200
1916,9577,Small,5,49,20,250
1917,9584,Medium ,10,88,60,1000
1918,9589,Large ,25,211,101,6250
1919,9592,Large ,24,158,103,6000
1920,9600,Large ,26,175,109,6500
1921,9603,Small,4,75,20,200
1922,9609,Small,5,54,40,250
1923,9611,Medium ,9,77,45,900
1924,9616,Small,4,49,25,200
1925,9622,Small,6,45,38,300
1926,9626,Large ,26,201,76,6500
1927,9631,Small,6,63,34,300
1928,9640,Small,6,54,20,300
1929,9642,Large ,24,124,73,6000
1930,9647,Large ,25,181,88,6250
1931,9655,Large ,24,145,69,6000
1932,9657,Large ,24,210,86,6000
1933,9664,Medium ,11,62,56,1100
1934,9670,Large ,25,151,79,6250
1935,9674,Small,4,55,37,200
1936,9676,Medium ,11,63,54,1100
1937,9684,Medium ,9,93,44,900
1938,9689,Medium ,11,111,65,1100
1939,9695,Small,4,76,22,200
1940,9700,Medium ,9,106,48,900
1941,9704,Large ,26,178,82,6500
1942,9707,Small,6,68,24,300
1943,9714,Large ,26,204,105,6500
1944,9720,Large ,24,157,84,6000
1945,9723,Large ,24,179,65,6000
1946,9730,Large ,26,183,111,6500
1947,9732,Small,4,67,29,200
1948,9740,Large ,25,194,71,6250
1949,9744,Medium ,11,107,67,1100
1950,9750,Small,5,48,36,250
1951,9752,Large ,25,197,104,6250
1952,9756,Large ,26,125,87,6500
1953,9763,Large ,25,130,63,6250
1954,9770,Large ,26,155,93,6500
1955,9771,Medium ,11,63,64,1100
1956,9776,Medium ,9,108,69,900
1957,9782,Medium ,10,119,53,1000
1958,9788,Large ,24,156,80,6000
1959,9794,Small,5,45,23,250
1960,9796,Medium ,10,93,56,1000
1961,9802,Small,6,77,39,300
1962,9808,Small,4,67,33,200
1963,9814,Medium ,11,90,55,1100
1964,9819,Small,4,60,30,200
1965,9823,Medium ,10,116,44,1000
1966,9828,Large ,26,182,67,6500
1967,9835,Medium ,10,96,43,1000
1968,9838,Large ,24,167,82,6000
1969,9843,Small,4,49,20,200
1970,9849,Medium ,10,66,48,1000
1971,9852,Small,5,57,25,250
1972,9859,Large ,25,198,67,6250
1973,9863,Small,6,79,28,300
1974,9867,Large ,24,168,116,6000
1975,9874,Small,6,76,28,300
1976,9879,Medium ,11,91,60,1100
1977,9884,Large ,26,216,64,6500
1978,9889,Large ,25,201,80,6250
1979,9894,Small,5,66,36,250
1980,9897,Small,4,45,20,200
1981,9904,Small,6,45,29,300
1982,9909,Small,4,42,25,200
1983,9913,Large ,24,158,102,6000
1984,9917,Small,6,64,25,300
1985,9922,Large ,24,196,109,6000
1986,9927,Medium ,11,81,75,1100
1987,9933,Large ,24,174,66,6000
1988,9936,Large ,24,131,105,6000
1989,9944,Small,5,61,28,250
1990,9948,Medium ,11,70,50,1100
1991,9953,Medium ,9,83,77,900
1992,9956,Medium ,9,69,74,900
1993,9965,Small,4,80,37,200
1994,9966,Medium ,9,92,58,900
1995,9973,Medium ,11,108,43,1100
1996,9980,Large ,24,156,76,6000
1997,9982,Large ,25,128,78,6250
1998,9988,Medium ,10,109,60,1000
1999,9994,Medium ,9,120,71,900
2000,9996,Large ,25,178,86,6250
2001,10005,Small,6,40,30,300
2002,10006,Large ,24,214,74,6000
2003,10011,Medium ,9,118,59,900
2004,10017,Small,5,40,29,250
2005,10023,Small,5,57,34,250
2006,10028,Large ,26,165,69,6500
2007,10031,Large ,26,172,72,6500
2008,10036,Small,6,48,33,300
2009,10041,Large ,24,206,107,6000
2010,10049,Large ,25,120,109,6250
2011,10051,Medium ,9,91,55,900
2012,10059,Large ,24,173,76,6000
2013,10063,Large ,26,169,86,6500
2014,10069,Medium ,11,79,52,1100
2015,10074,Large ,26,207,74,6500
2016,10077,Small,5,56,21,250
2017,10084,Large ,25,187,73,6250
2018,10087,Large ,25,132,111,6250
2019,10092,Small,6,43,25,300
2020,10097,Large ,26,136,82,6500
2021,10105,Small,5,58,33,250
2022,10110,Medium ,10,89,71,1000
2023,10113,Small,6,50,38,300
2024,10116,Large ,24,199,87,6000
2025,10123,Medium ,9,99,71,900
2026,10127,Small,5,66,40,250
2027,10132,Medium ,10,97,58,1000
2028,10136,Small,6,67,26,300
2029,10142,Small,5,51,35,250
2030,10146,Small,6,67,22,300
2031,10152,Large ,24,208,119,6000
2032,10157,Small,4,45,40,200
2033,10161,Small,4,64,29,200
2034,10168,Large ,25,123,82,6250
2035,10175,Small,4,63,37,200
2036,10177,Medium ,10,89,52,1000
2037,10185,Large ,24,165,99,6000
2038,10189,Large ,25,165,67,6250
2039,10195,Small,5,59,30,250
2040,10196,Small,4,52,34,200
2041,10205,Medium ,11,99,58,1100
2042,10209,Medium ,11,114,47,1100
2043,10213,Small,4,58,34,200
2044,10218,Medium ,11,85,68,1100
2045,10222,Large ,24,193,106,6000
2046,10229,Small,4,56,37,200
2047,10233,Medium ,11,79,40,1100
2048,10236,Small,5,48,36,250
2049,10245,Medium ,11,61,42,1100
2050,10249,Medium ,9,69,50,900
2051,10251,Medium ,10,67,71,1000
2052,10257,Medium ,10,88,73,1000
2053,10263,Medium ,11,61,52,1100
2054,10268,Large ,26,211,107,6500
2055,10273,Large ,26,161,65,6500
2056,10278,Large ,26,120,109,6500
2057,10283,Large ,24,160,120,6000
2058,10289,Small,6,42,34,300
2059,10292,Small,5,65,26,250
2060,10296,Large ,24,194,99,6000
2061,10301,Small,6,67,37,300
2062,10310,Small,6,57,38,300
2063,10313,Small,5,75,30,250
2064,10316,Small,4,75,28,200
2065,10321,Large ,25,178,69,6250
2066,10329,Medium ,11,94,80,1100
2067,10335,Large ,24,186,106,6000
2068,10340,Medium ,9,76,51,900
2069,10344,Large ,25,220,79,6250
2070,10347,Small,6,69,23,300
2071,10351,Small,5,64,36,250
2072,10358,Medium ,11,73,54,1100
2073,10363,Large ,25,189,79,6250
2074,10367,Small,5,61,29,250
2075,10375,Small,6,75,25,300
2076,10377,Medium ,10,101,48,1000
2077,10384,Large ,26,203,89,6500
2078,10390,Medium ,10,94,61,1000
2079,10395,Small,5,44,28,250
2080,10398,Large ,26,199,64,6500
2081,10402,Small,6,66,38,300
2082,10407,Large ,26,207,104,6500
2083,10414,Medium ,10,92,69,1000
2084,10418,Large ,26,181,77,6500
2085,10424,Small,4,80,24,200
2086,10430,Large ,26,123,108,6500
2087,10434,Large ,26,170,119,6500
2088,10440,Medium ,9,117,58,900
2089,10443,Medium ,11,114,48,1100
2090,10449,Small,5,75,37,250
2091,10452,Small,5,52,36,250
2092,10457,Small,6,73,26,300
2093,10462,Medium ,11,106,40,1100
2094,10467,Medium ,9,112,69,900
2095,10471,Small,4,68,39,200
2096,10480,Medium ,11,113,79,1100
2097,10483,Large ,24,169,119,6000
2098,10488,Large ,25,151,105,6250
2099,10491,Medium ,9,97,76,900
2100,10496,Small,5,61,22,250
2101,10502,Large ,26,180,114,6500
2102,10509,Medium ,10,104,41,1000
2103,10512,Large ,26,160,98,6500
2104,10520,Small,4,71,27,200
2105,10523,Large ,24,130,106,6000
2106,10528,Small,6,58,36,300
2107,10535,Large ,26,188,94,6500
2108,10539,Large ,24,158,73,6000
2109,10542,Medium ,11,87,50,1100
2110,10549,Small,4,79,37,200
2111,10555,Small,6,55,40,300
2112,10558,Large ,26,194,119,6500
2113,10564,Medium ,9,94,61,900
2114,10566,Large ,26,187,73,6500
2115,10573,Medium ,9,66,62,900
2116,10580,Small,4,75,35,200
2117,10584,Small,4,74,28,200
2118,10587,Large ,25,120,77,6250
2119,10592,Small,4,45,25,200
2120,10599,Large ,26,168,114,6500
2121,10603,Medium ,10,113,44,1000
2122,10606,Small,6,56,30,300
2123,10615,Large ,26,195,104,6500
2124,10618,Medium ,11,117,80,1100
2125,10625,Medium ,9,120,63,900
2126,10626,Medium ,9,99,73,900
2127,10635,Large ,24,126,77,6000
2128,10636,Small,6,56,30,300
2129,10642,Small,4,41,37,200
2130,10649,Large ,24,153,78,6000
2131,10652,Large ,26,164,99,6500
2132,10660,Medium ,10,70,69,1000
2133,10661,Small,6,61,36,300
2134,10667,Small,6,60,32,300
2135,10675,Medium ,11,82,77,1100
2136,10677,Large ,24,160,104,6000
2137,10681,Medium ,11,117,80,1100
2138,10689,Small,4,45,27,200
2139,10693,Medium ,11,115,60,1100
2140,10696,Large ,24,191,79,6000
2141,10703,Medium ,11,64,46,1100
2142,10707,Large ,25,213,79,6250
2143,10711,Large ,26,153,86,6500
2144,10719,Small,5,64,20,250
2145,10721,Large ,25,123,80,6250
2146,10729,Large ,26,161,118,6500
2147,10735,Medium ,10,84,66,1000
2148,10736,Medium ,10,105,62,1000
2149,10744,Large ,26,170,120,6500
2150,10747,Medium ,9,81,73,900
2151,10752,Large ,24,128,113,6000
2152,10759,Large ,26,168,115,6500
2153,10763,Large ,26,175,105,6500
2154,10766,Large ,25,149,60,6250
2155,10773,Large ,26,134,86,6500
2156,10779,Medium ,10,109,41,1000
2157,10784,Large ,24,162,61,6000
2158,10788,Large ,26,188,62,6500
2159,10793,Large ,26,176,116,6500
2160,10800,Medium ,9,91,50,900
2161,10804,Large ,24,192,100,6000
2162,10810,Large ,26,197,104,6500
2163,10814,Large ,25,176,110,6250
2164,10820,Large ,26,147,89,6500
2165,10825,Large ,25,214,99,6250
2166,10828,Medium ,9,97,67,900
2167,10835,Medium ,10,107,80,1000
2168,10838,Medium ,10,67,64,1000
2169,10843,Medium ,10,65,59,1000
2170,10846,Large ,26,218,71,6500
2171,10855,Large ,25,182,102,6250
2172,10860,Large ,25,200,65,6250
2173,10864,Medium ,10,93,52,1000
2174,10866,Medium ,9,120,58,900
2175,10871,Large ,24,215,107,6000
2176,10880,Medium ,10,70,67,1000
2177,10884,Large ,26,182,109,6500
2178,10889,Large ,25,184,120,6250
2179,10893,Large ,24,195,112,6000
2180,10900,Large ,25,196,78,6250
2181,10903,Large ,24,197,66,6000
2182,10908,Large ,24,170,87,6000
2183,10915,Large ,26,142,111,6500
2184,10916,Large ,25,184,99,6250
2185,10924,Large ,25,186,111,6250
2186,10927,Large ,24,156,90,6000
2187,10931,Large ,25,120,78,6250
2188,10937,Large ,25,168,98,6250
2189,10945,Large ,26,183,78,6500
2190,10948,Large ,24,208,91,6000
2191,10952,Large ,24,194,106,6000
2192,10958,Large ,24,136,83,6000
2193,10963,Large ,26,190,86,6500
2194,10970,Large ,26,196,95,6500
2195,10972,Large ,24,180,85,6000
2196,10976,Large ,25,218,99,6250
2197,10982,Large ,24,140,88,6000
2198,10990,Large ,25,147,107,6250
2199,10991,Large ,25,162,89,6250
2200,10997,Large ,24,190,65,6000
2201,11005,Large ,24,158,82,6000
2202,11007,Large ,24,175,82,6000
2203,11011,Large ,26,185,70,6500
2204,11020,Large ,26,144,81,6500
2205,11022,Large ,25,160,92,6250
2206,11030,Large ,26,135,85,6500
2207,11034,Large ,24,146,78,6000
2208,11040,Large ,26,141,68,6500
2209,11045,Large ,24,130,102,6000
2210,11048,Large ,24,135,75,6000
2211,11055,Large ,26,137,100,6500
2212,11059,Large ,26,194,101,6500
2213,11065,Large ,24,207,67,6000
2214,11069,Large ,24,164,71,6000
2215,11073,Large ,26,193,69,6500
2216,11079,Large ,25,150,81,6250
2217,11085,Large ,26,186,113,6500
2218,11086,Large ,24,190,77,6000
2219,11091,Large ,26,136,74,6500
2220,11100,Large ,25,120,115,6250
2221,11102,Large ,24,126,71,6000
2222,11107,Large ,26,161,73,6500
2223,11115,Large ,24,151,64,6000
2224,11118,Large ,24,167,96,6000
2225,11122,Large ,24,155,85,6000
2226,11130,Large ,26,170,112,6500
2227,11132,Large ,24,207,96,6000
2228,11138,Large ,25,140,108,6250
2229,11145,Large ,25,185,89,6250
2230,11150,Large ,24,185,86,6000
2231,11153,Large ,25,217,103,6250
2232,11156,Large ,24,146,82,6000
2233,11164,Large ,24,155,101,6000
2234,11170,Large ,25,195,100,6250
2235,11174,Large ,24,200,111,6000
2236,11179,Large ,26,178,90,6500
2237,11181,Large ,25,199,120,6250
2238,11188,Large ,24,182,110,6000
2239,11192,Large ,26,148,107,6500
2240,11198,Large ,25,153,79,6250
2241,11204,Large ,24,137,99,6000
2242,11207,Large ,25,160,112,6250
2243,11211,Large ,24,218,66,6000
2244,11217,Large ,24,127,117,6000
2245,11222,Large ,24,141,62,6000
2246,11228,Large ,24,205,75,6000
2247,11233,Large ,26,204,104,6500
2248,11240,Large ,25,125,78,6250
2249,11244,Large ,24,136,67,6000
2250,11247,Large ,24,158,81,6000
2251,11252,Large ,24,133,61,6000
2252,11259,Large ,26,121,89,6500
2253,11261,Large ,25,140,109,6250
2254,11267,Large ,24,198,120,6000
2255,11272,Large ,26,155,84,6500
2256,11279,Large ,25,219,106,6250
2257,11284,Large ,26,195,79,6500
2258,11287,Large ,26,159,118,6500
2259,11294,Large ,26,203,93,6500
2260,11297,Large ,24,212,114,6000
2261,11302,Large ,25,191,119,6250
2262,11309,Large ,26,123,75,6500
2263,11314,Large ,26,213,98,6500
2264,11320,Large ,26,183,72,6500
2265,11325,Large ,26,152,60,6500
2266,11328,Large ,24,178,61,6000
2267,11333,Large ,25,190,117,6250
2268,11337,Large ,26,212,83,6500
2269,11343,Large ,24,177,78,6000
2270,11347,Large ,24,121,68,6000
2271,11355,Large ,24,201,87,6000
2272,11358,Large ,24,182,103,6000
2273,11364,Large ,24,129,102,6000
2274,11367,Large ,25,159,96,6250
2275,11375,Large ,25,138,63,6250
2276,11377,Large ,24,214,88,6000
2277,11383,Large ,25,164,113,6250
2278,11389,Large ,26,162,95,6500
2279,11395,Large ,25,179,96,6250
2280,11400,Large ,24,133,94,6000
2281,11404,Large ,25,207,60,6250
2282,11408,Large ,26,144,74,6500
2283,11413,Large ,26,190,71,6500
2284,11417,Large ,25,161,73,6250
2285,11425,Large ,26,165,118,6500
2286,11430,Large ,26,125,81,6500
2287,11432,Large ,24,125,113,6000
32,Large ,25,143,60,6250
2288,11438,Large ,25,195,116,6250
2289,11445,Large ,26,194,102,6500
2290,11448,Large ,24,146,62,6000
2291,11452,Large ,26,126,68,6500
2292,11459,Large ,25,212,88,6250
2293,11462,Large ,24,190,111,6000
2294,11467,Large ,26,170,60,6500
2295,11473,Large ,24,176,84,6000
2296,11476,Large ,25,182,67,6250
2297,11482,Large ,24,167,65,6000
2298,11488,Large ,26,217,108,6500
2299,11494,Large ,25,178,119,6250
2300,11499,Large ,24,197,70,6000
2301,11502,Large ,26,136,103,6500
2302,11510,Large ,24,175,87,6000
2303,11512,Large ,24,123,72,6000
2304,11517,Large ,26,191,87,6500
2305,11525,Large ,25,189,73,6250
2306,11530,Large ,24,124,62,6000
2307,11532,Large ,25,154,116,6250
2308,11536,Large ,24,196,78,6000
2309,11543,Large ,26,164,110,6500
2310,11548,Large ,25,162,75,6250
2311,11552,Large ,24,150,102,6000
2312,11556,Large ,26,205,113,6500
2313,11563,Large ,24,165,74,6000
2314,11570,Large ,26,168,107,6500
2315,11572,Large ,24,173,96,6000
2316,11578,Large ,25,195,76,6250
2317,11583,Large ,26,203,94,6500
2318,11586,Large ,24,172,79,6000
2319,11594,Large ,26,169,83,6500
2320,11596,Large ,24,194,87,6000
2321,11601,Large ,25,155,107,6250
2322,11610,Large ,24,216,82,6000
2323,11611,Large ,25,196,114,6250
2324,11619,Large ,24,174,75,6000
2325,11624,Large ,25,207,98,6250
2326,11629,Large ,25,163,94,6250
2327,11631,Large ,26,201,96,6500
2328,11637,Large ,26,215,94,6500
2329,11645,Large ,26,193,86,6500
2330,11648,Large ,25,132,81,6250
2331,11652,Large ,24,216,89,6000
2332,11660,Large ,25,199,82,6250
2333,11661,Large ,24,128,86,6000
2334,11666,Large ,26,142,76,6500
2335,11675,Large ,24,210,97,6000
2336,11679,Large ,26,161,71,6500
2337,11683,Large ,24,142,102,6000
2338,11687,Large ,26,177,98,6500
2339,11692,Large ,25,188,116,6250
2340,11698,Large ,25,168,67,6250
2341,11703,Large ,24,137,64,6000
2342,11708,Large ,24,148,62,6000
2343,11711,Large ,26,180,94,6500
2344,11719,Large ,26,120,92,6500
2345,11724,Large ,25,152,87,6250
2346,11729,Large ,24,178,112,6000
2347,11733,Large ,24,145,82,6000
2348,11736,Large ,25,140,62,6250
2349,11741,Large ,26,161,77,6500
2350,11750,Large ,24,120,94,6000
2351,11753,Large ,26,133,65,6500
2352,11756,Large ,24,198,109,6000
2353,11765,Large ,25,206,61,6250
2354,11767,Large ,26,201,76,6500
2355,11771,Large ,24,176,114,6000
2356,11779,Large ,26,137,114,6500
2357,11783,Large ,25,190,100,6250
2358,11786,Large ,24,138,64,6000
2359,11794,Large ,25,215,101,6250
2360,11798,Large ,25,220,97,6250
2361,11802,Large ,26,132,102,6500
2362,11808,Large ,25,202,93,6250
2363,11812,Large ,26,150,111,6500
2364,11819,Large ,26,145,78,6500
2365,11825,Large ,26,172,69,6500
2366,11826,Large ,26,120,88,6500
2367,11834,Large ,25,173,74,6250
2368,11840,Large ,26,137,89,6500
2369,11843,Large ,24,156,80,6000
2370,11847,Large ,24,207,115,6000
2371,11853,Large ,24,214,82,6000
2372,11859,Large ,26,187,80,6500
2373,11864,Large ,24,131,70,6000
2374,11866,Large ,24,216,82,6000
2375,11874,Large ,26,212,93,6500
2376,11878,Large ,24,168,119,6000
2377,11881,Large ,26,147,118,6500
2378,11890,Large ,24,189,77,6000
2379,11893,Large ,24,198,102,6000
2380,11896,Large ,26,155,74,6500
2381,11903,Large ,24,187,64,6000
2382,11909,Large ,24,138,63,6000
2383,11915,Large ,24,134,84,6000
2384,11916,Large ,25,132,113,6250
2385,11922,Large ,26,208,91,6500
2386,11930,Large ,24,200,75,6000
2387,11935,Large ,26,160,116,6500
2388,11937,Large ,25,132,81,6250
2389,11942,Large ,26,182,91,6500
2390,11950,Large ,24,141,78,6000
2391,11955,Large ,25,132,115,6250
2392,11960,Large ,24,147,108,6000
2393,11963,Large ,26,182,91,6500
2394,11970,Large ,25,187,103,6250
2395,11973,Large ,26,196,75,6500
2396,11976,Large ,26,161,106,6500
2397,11981,Large ,26,121,72,6500
2398,11989,Large ,26,212,120,6500
2399,11993,Large ,24,202,100,6000
2400,11997,Large ,26,211,60,6500
